Workbook

Sheet master
A1: No. | B1: メギド名 | C1: 入手手段 | D1: スタイル | E1: クラス | F1: 攻撃回数(シフト後も含む） | G1: 飛行している | H1: 身長 | I1: 性別 | J1: 年齢 | K1: 誕生日/転生日 | L1: 内部属性
A2: 祖01 | B2: バエル | C2: メイン | D2: バースト | E2: スナイパー | H2: 124 | I2: 男性 | K2: 44937 | L2: 雷
A3: 祖01 | B3: バエルC | C3: 召喚 | D3: カウンター | E3: スナイパー | H3: 124 | I3: 男性 | K3: 44937 | L3: 雷
A4: 祖02 | B4: アガレスC | C4: イベント | D4: カウンター | E4: スナイパー | H4: 186 | I4: 男性 | J4: 26 | K4: 45106 | L4: 地
A5: 祖02 | B5: アガレス | C5: 召喚 | D5: バースト | E5: スナイパー | H5: 186 | I5: 男性 | J5: 26 | K5: 45106 | L5: 地
A6: 祖03 | B6: ウァサゴB | C6: 召喚 | D6: バースト | E6: ファイター | H6: 164 | I6: 女性 | J6: 19 | K6: 45021 | L6: 地
A7: 祖03 | B7: ウァサゴ | C7: 召喚 | D7: ラッシュ | E7: ファイター | H7: 164 | I7: 女性 | J7: 19 | K7: 45021 | L7: 地
A8: 祖04 | B8: ガミジンB | C8: イベント | D8: バースト | E8: ファイター | H8: 185 | I8: 男性 | J8: 28 | K8: 45002 | L8: 地
A9: 祖04 | B9: ガミジン | C9: 召喚 | D9: カウンター | E9: ファイター | H9: 185 | I9: 男性 | J9: 28 | K9: 45002 | L9: 地
A10: 祖05 | B10: マルバスR | C10: イベント | D10: ラッシュ | E10: スナイパー | H10: 145 | I10: 女性 | J10: 14 | K10: 45031 | L10: 地
A11: 祖05 | B11: マルバス | C11: 召喚 | D11: カウンター | E11: スナイパー | H11: 145 | I11: 女性 | J11: 14 | K11: 45031 | L11: 地
A12: 祖06 | B12: ウァレフォルC | C12: 召喚 | D12: カウンター | E12: ファイター | H12: 181 | I12: 女性 | J12: 25 | K12: 45005 | L12: 雷
A13: 祖06 | B13: ウァレフォル | C13: 召喚 | D13: ラッシュ | E13: ファイター | F13: 2 | H13: 181 | I13: 女性 | J13: 25 | K13: 45005 | L13: 地
A14: 祖07 | B14: アモンR | C14: 召喚 | D14: ラッシュ | E14: ファイター | F14: 3 | H14: 153 | I14: 男性 | J14: 13 | K14: 45157 | L14: 火
A15: 祖07 | B15: アモン | C15: 召喚 | D15: バースト | E15: ファイター | H15: 153 | I15: 男性 | J15: 13 | K15: 45157 | L15: 火
A16: 祖08 | B16: バルバトスR | C16: 召喚 | D16: ラッシュ | E16: スナイパー | H16: 173 | I16: 男性 | K16: 45086 | L16: 風
A17: 祖08 | B17: バルバトス | C17: メイン | D17: カウンター | E17: スナイパー | H17: 173 | I17: 男性 | K17: 45086 | L17: 風
A18: 祖09 | B18: パイモンB | C18: 召喚 | D18: バースト | E18: ファイター | H18: 179 | I18: 男性 | K18: 45188 | L18: 水
A19: 祖09 | B19: パイモン | C19: メイン | D19: ラッシュ | E19: ファイター | H19: 179 | I19: 男性 | K19: 45188 | L19: 水
A20: 祖10 | B20: ブエルR | C20: 召喚 | D20: ラッシュ | E20: スナイパー | H20: 148 | I20: 女性 | J20: 14 | K20: 44944 | L20: 水
A21: 祖10 | B21: ブエル | C21: 召喚 | D21: バースト | E21: スナイパー | H21: 148 | I21: 女性 | J21: 14 | K21: 44944 | L21: 水
A22: 祖11 | B22: グシオンB | C22: イベント | D22: バースト | E22: スナイパー | H22: 140 | I22: 女性 | J22: 12 | K22: 45173 | L22: 雷
A23: 祖11 | B23: グシオン | C23: 召喚 | D23: カウンター | E23: スナイパー | H23: 140 | I23: 女性 | J23: 12 | K23: 45173 | L23: 雷
A24: 祖12 | B24: シトリーR | C24: イベント | D24: ラッシュ | E24: トルーパー | H24: 165 | I24: 女性 | K24: 44966 | L24: 水
A25: 祖12 | B25: シトリー | C25: 召喚 | D25: カウンター | E25: トルーパー | F25: 2 | H25: 165 | I25: 女性 | K25: 44966 | L25: 雷
A26: 祖13 | B26: ベレトB | C26: 召喚 | D26: バースト | E26: トルーパー | H26: 147 | I26: 女性 | J26: 15 | K26: 44948 | L26: 氷
A27: 祖13 | B27: ベレト | C27: メイン | D27: カウンター | E27: トルーパー | H27: 147 | I27: 女性 | J27: 15 | K27: 44948 | L27: 氷
A28: 祖14 | B28: レラジェR | C28: イベント | D28: ラッシュ | E28: スナイパー | H28: 161 | I28: 女性 | J28: 18 | K28: 45029 | L28: 風
A29: 祖14 | B29: レラジェ | C29: 召喚 | D29: カウンター | E29: スナイパー | H29: 161 | I29: 女性 | J29: 18 | K29: 45029 | L29: 風
A30: 祖15 | B30: エリゴスB | C30: 召喚 | D30: バースト | E30: ファイター | F30: 2 | H30: 163 | I30: 女性 | J30: 25 | K30: 45055 | L30: 火
A31: 祖15 | B31: エリゴス | C31: 召喚 | D31: ラッシュ | E31: ファイター | F31: 2 | H31: 163 | I31: 女性 | J31: 25 | K31: 45055 | L31: 雷
A32: 祖16 | B32: ゼパルC | C32: 召喚 | D32: カウンター | E32: ファイター | H32: 153 | I32: 女性 | J32: 15 | K32: 45052 | L32: 火
A33: 祖16 | B33: ゼパル | C33: 召喚 | D33: ラッシュ | E33: ファイター | H33: 153 | I33: 女性 | J33: 15 | K33: 45052 | L33: 火
A34: 祖17 | B34: ボティスR | C34: イベント | D34: ラッシュ | E34: トルーパー | H34: 167 | I34: 女性 | J34: 24 | K34: 45280 | L34: 雷
A35: 祖17 | B35: ボティス | C35: 召喚 | D35: カウンター | E35: トルーパー | H35: 167 | I35: 女性 | J35: 24 | K35: 45280 | L35: 雷
A36: 祖18 | B36: バティンB | C36: 召喚 | D36: バースト | E36: トルーパー | H36: 163 | I36: 女性 | J36: 23 | K36: 44935 | L36: 火
A37: 祖18 | B37: バティン | C37: 召喚 | D37: ラッシュ | E37: トルーパー | H37: 163 | I37: 女性 | J37: 23 | K37: 44935 | L37: 火
A38: 祖19 | B38: サレオスC | C38: 召喚 | D38: カウンター | E38: ファイター | H38: 165 | I38: 男性 | J38: 25 | K38: 45116 | L38: 水
A39: 祖19 | B39: サレオス | C39: 召喚 | D39: バースト | E39: ファイター | H39: 165 | I39: 男性 | J39: 25 | K39: 45116 | L39: 水
A40: 祖20 | B40: プルソンB | C40: メイン | D40: バースト | E40: トルーパー | H40: 166 | I40: 男性 | J40: 16 | K40: 45039 | L40: 地
A41: 祖20 | B41: プルソン | C41: 召喚 | D41: ラッシュ | E41: トルーパー | H41: 166 | I41: 男性 | J41: 16 | K41: 45039 | L41: 地
A42: 祖21 | B42: モラクスR | C42: 召喚 | D42: ラッシュ | E42: ファイター | F42: 2 | H42: 151 | I42: 男性 | J42: 15 | K42: 45178 | L42: 火
A43: 祖21 | B43: モラクス | C43: メイン | D43: バースト | E43: ファイター | H43: 151 | I43: 男性 | J43: 15 | K43: 45178 | L43: 火
A44: 祖22 | B44: イポスC | C44: イベント | D44: カウンター | E44: ファイター | H44: 187 | I44: 男性 | J44: 37 | K44: 45287 | L44: 水
A45: 祖22 | B45: イポス | C45: 召喚 | D45: ラッシュ | E45: ファイター | H45: 187 | I45: 男性 | J45: 37 | K45: 45287 | L45: 水
A46: 祖23 | B46: アイムR | C46: 召喚 | D46: ラッシュ | E46: スナイパー | H46: 160 | I46: 女性 | K46: 45088 | L46: 水
A47: 祖23 | B47: アイム | C47: 召喚 | D47: バースト | E47: スナイパー | H47: 160 | I47: 女性 | K47: 45088 | L47: 火
A48: 祖24 | B48: ナベリウスB | C48: 召喚 | D48: バースト | E48: トルーパー | H48: 162 | I48: 女性 | J48: 20 | K48: 45044 | L48: 火
A49: 祖24 | B49: ナベリウス | C49: 召喚 | D49: ラッシュ | E49: トルーパー | H49: 162 | I49: 女性 | J49: 20 | K49: 45044 | L49: 火
A50: 祖25 | B50: グラシャラボラスC | C50: 召喚 | D50: カウンター | E50: トルーパー | H50: 182 | I50: 男性 | J50: 24 | K50: 45057 | L50: 雷
A51: 祖25 | B51: グラシャラボラス | C51: 召喚 | D51: バースト | E51: トルーパー | H51: 182 | I51: 男性 | J51: 24 | K51: 45057 | L51: 水
A52: 祖26 | B52: ブネB | C52: 召喚 | D52: バースト | E52: ファイター | H52: 195 | I52: 男性 | J52: 41 | K52: 45259 | L52: 地
A53: 祖26 | B53: ブネ | C53: メイン | D53: ラッシュ | E53: ファイター | H53: 195 | I53: 男性 | J53: 41 | K53: 45259 | L53: 地
A54: 祖27 | B54: ロノウェR | C54: 召喚 | D54: ラッシュ | E54: ファイター | H54: 170 | I54: 男性 | J54: 18 | K54: 45265 | L54: 水
A55: 祖27 | B55: ロノウェ | C55: 召喚 | D55: カウンター | E55: ファイター | H55: 170 | I55: 男性 | J55: 18 | K55: 45265 | L55: 水
A56: 祖28 | B56: ベリトB | C56: イベント | D56: バースト | E56: ファイター | H56: 180 | I56: 男性 | K56: 44996 | L56: 雷
A57: 祖28 | B57: ベリト | C57: 召喚 | D57: カウンター | E57: ファイター | H57: 180 | I57: 男性 | K57: 44996 | L57: 雷
A58: 祖29 | B58: アスタロトB | C58: 召喚 | D58: バースト | E58: ファイター | H58: 170 | I58: 女性 | J58: 21 | K58: 45204 | L58: 雷
A59: 祖29 | B59: アスタロト | C59: 召喚 | D59: ラッシュ | E59: ファイター | H59: 170 | I59: 女性 | J59: 21 | K59: 45204 | L59: 氷
A60: 祖30 | B60: フォルネウスB | C60: 召喚 | D60: バースト | E60: トルーパー | H60: 178 | I60: 男性 | J60: 25 | K60: 44955 | L60: 氷
A61: 祖30 | B61: フォルネウス | C61: 召喚 | D61: カウンター | E61: トルーパー | H61: 178 | I61: 男性 | J61: 25 | K61: 44955 | L61: 氷
A62: 祖31 | B62: フォラスC | C62: イベント | D62: カウンター | E62: スナイパー | H62: 176 | I62: 男性 | J62: 36 | K62: 45209 | L62: 地
A63: 祖31 | B63: フォラス | C63: 召喚 | D63: バースト | E63: スナイパー | H63: 176 | I63: 男性 | J63: 36 | K63: 45209 | L63: 地
A64: 祖32 | B64: アスモデウスR | C64: 特異限定 | D64: ラッシュ | E64: ファイター | F64: 2 | H64: 186 | I64: 女性 | K64: 45248 | L64: 火
A65: 祖32 | B65: アスモデウス | C65: メイン | D65: バースト | E65: ファイター | H65: 186 | I65: 女性 | K65: 45248 | L65: 火
A66: 祖33 | B66: ガープR | C66: 召喚 | D66: ラッシュ | E66: ファイター | H66: 178 | I66: 男性 | J66: 22 | K66: 45267 | L66: 火
A67: 祖33 | B67: ガープ | C67: メイン | D67: カウンター | E67: ファイター | H67: 178 | I67: 男性 | J67: 22 | K67: 45267 | L67: 火
A68: 祖34 | B68: フルフルC | C68: 召喚 | D68: カウンター | E68: スナイパー | H68: 152 | I68: 女性 | K68: 44966 | L68: 雷
A69: 祖34 | B69: フルフル | C69: 召喚 | D69: バースト | E69: スナイパー | H69: 152 | I69: 女性 | K69: 44966 | L69: 雷
A70: 祖35 | B70: マルコシアスB | C70: 召喚 | D70: バースト | E70: スナイパー | H70: 160 | I70: 女性 | J70: 23 | K70: 45083 | L70: 火
A71: 祖35 | B71: マルコシアス | C71: メイン | D71: カウンター | E71: スナイパー | H71: 160 | I71: 女性 | J71: 23 | K71: 45083 | L71: 風
A72: 祖36 | B72: ストラスR | C72: 召喚 | D72: ラッシュ | E72: トルーパー | H72: 166 | I72: 女性 | J72: 16 | K72: 45097 | L72: 風
A73: 祖36 | B73: ストラス | C73: 召喚 | D73: バースト | E73: トルーパー | H73: 166 | I73: 女性 | J73: 16 | K73: 45097 | L73: 風
A74: 祖37 | B74: フェニックスC | C74: 召喚 | D74: カウンター | E74: ファイター | H74: 174 | I74: 男性 | J74: 18 | K74: 45241 | L74: 火
A75: 祖37 | B75: フェニックス | C75: 召喚 | D75: バースト | E75: ファイター | H75: 174 | I75: 男性 | J75: 18 | K75: 45241 | L75: 火
A76: 祖38 | B76: ハルファスR | C76: 召喚 | D76: ラッシュ | E76: ファイター | F76: 2 | H76: 144 | I76: 女性 | J76: 15 | K76: 45064 | L76: 地
A77: 祖38 | B77: ハルファス | C77: 召喚 | D77: バースト | E77: ファイター | H77: 144 | I77: 女性 | J77: 15 | K77: 45064 | L77: 地
A78: 祖39 | B78: マルファスB | C78: 召喚 | D78: バースト | E78: トルーパー | G78: 飛行 | H78: 163 | I78: 男性 | J78: 17 | K78: 44991 | L78: 風
A79: 祖39 | B79: マルファス | C79: 召喚 | D79: カウンター | E79: トルーパー | G79: 飛行 | H79: 163 | I79: 男性 | J79: 17 | K79: 44991 | L79: 風
A80: 祖40 | B80: ラウムC | C80: 召喚 | D80: カウンター | E80: トルーパー | H80: 190 | I80: 男性 | J80: 18 | K80: 45070 | L80: 雷
A81: 祖40 | B81: ラウム | C81: 召喚 | D81: バースト | E81: トルーパー | H81: 190 | I81: 男性 | J81: 18 | K81: 45070 | L81: 雷
A82: 祖41 | B82: フォカロルR | C82: 召喚 | D82: ラッシュ | E82: トルーパー | H82: 183 | I82: 男性 | J82: 24 | K82: 45118 | L82: 風
A83: 祖41 | B83: フォカロル | C83: 召喚 | D83: バースト | E83: トルーパー | H83: 183 | I83: 男性 | J83: 24 | K83: 45118 | L83: 風
A84: 祖42 | B84: ウェパルB | C84: メイン | D84: バースト | E84: トルーパー | H84: 153 | I84: 女性 | J84: 17 | K84: 45018 | L84: 水
A85: 祖42 | B85: ウェパル | C85: メイン | D85: ラッシュ | E85: トルーパー | H85: 153 | I85: 女性 | J85: 17 | K85: 45018 | L85: 水
A86: 祖43 | B86: サブナックB | C86: イベント | D86: バースト | E86: ファイター | H86: 131 | I86: 男性 | J86: 19 | K86: 45143 | L86: 地
A87: 祖43 | B87: サブナック | C87: 召喚 | D87: カウンター | E87: ファイター | H87: 131 | I87: 男性 | J87: 19 | K87: 45143 | L87: 地
A88: 祖44 | B88: シャックスB | C88: 召喚 | D88: バースト | E88: ファイター | H88: 158 | I88: 女性 | J88: 16 | K88: 45079 | L88: 雷
A89: 祖44 | B89: シャックス | C89: メイン | D89: カウンター | E89: ファイター | H89: 158 | I89: 女性 | J89: 16 | K89: 45079 | L89: 雷
A90: 祖45 | B90: ヴィネR | C90: 召喚 | D90: ラッシュ | E90: スナイパー | H90: 154 | I90: 女性 | J90: 14 | K90: 45127 | L90: 水
A91: 祖45 | B91: ヴィネ | C91: 召喚 | D91: バースト | E91: スナイパー | H91: 154 | I91: 女性 | J91: 14 | K91: 45127 | L91: 水
... A97: 祖48 | B97: ハーゲンティ | C97: 召喚 | D97: カウンター | E97: トルーパー | H97: 145 | I97: 女性 | J97: 15 | K97: 45013 | L97: 雷
A98: 祖49 | B98: クロケルR | C98: 召喚 | D98: ラッシュ | E98: スナイパー | H98: 137 | I98: 女性 | K98: 45235 | L98: 水
A99: 祖49 | B99: クロケル | C99: 召喚 | D99: バースト | E99: スナイパー | H99: 137 | I99: 女性 | K99: 45235 | L99: 水
A100: 祖50 | B100: フルカスC | C100: 召喚 | D100: カウンター | E100: ファイター | H100: 174 | I100: 女性 | J100: 29 | K100: 45150 | L100: 氷
A101: 祖50 | B101: フルカス | C101: 召喚 | D101: バースト | E101: ファイター | H101: 174 | I101: 女性 | J101: 29 | K101: 45150 | L101: 氷
A102: 祖51 | B102: バラムR | C102: 召喚 | D102: ラッシュ | E102: ファイター | H102: 172 | I102: 男性 | K102: 44931 | L102: 風
A103: 祖51 | B103: バラム | C103: メイン | D103: カウンター | E103: ファイター | H103: 172 | I103: 男性 | K103: 44931 | L103: 風
A104: 祖52 | B104: アロケルR | C104: イベント | D104: ラッシュ | E104: ファイター | H104: 168 | I104: 男性 | J104: 16 | K104: 44977 | L104: 氷
A105: 祖52 | B105: アロケル | C105: 召喚 | D105: カウンター | E105: ファイター | H105: 168 | I105: 男性 | J105: 16 | K105: 44977 | L105: 氷
...

Sheet Sheet1
A1: No. | B1: メギド名 | C1: 入手手段 | D1: スタイル | E1: クラス | F1: ゲージ | G1: HP | H1: 攻撃力 | I1: 防御力 | J1: 素早さ | K1: 攻撃回数 | L1: 飛行している | M1: 性別 | N1: 身長 | O1: 年齢 | P1: 誕生/転生日 | Q1: ヴィータ名 | S1: 以降検索列
A2: 祖01 | B2: バエル | C2: メイン | D2: バースト | E2: スナイパー | F2: 6 | G2: 4570 | H2: 943 | I2: 487 | J2: 689 | K2: 1 | M2: 男性 | N2: 124 | O2: 不明 | P2: 44937 | Q2: コラン | S2: =IFERROR(__xludf.DUMMYFUNCTION("ArrayFormula(REGEXREPLACE(B2:B1000,""[A-Za-z]$"",""""))"),"バエル") -> バエル | T2: {=VLOOKUP($S$2:$S1000,シート1!D1:K165,3,FALSE)} -> 男性 | U2: {=VLOOKUP($S$2:$S1000,シート1!$D$1:$K$165,4,FALSE)} -> 124 | V2: {=VLOOKUP($S$2:$S1000,シート1!$D$1:$K$165,5,FALSE)} -> 不明 | W2: {=VLOOKUP($S$2:$S1000,シート1!$D$1:$K$165,6,FALSE)} -> 44937 | X2: {=VLOOKUP($S$2:$S1000,シート1!$D$2:$K$165,8,FALSE)} -> コラン | Z2: {=VLOOKUP(B2:B273,シート3!A1:E1000,5,FALSE)} -> 雷
A3: 祖01 | B3: バエルC | C3: 召喚 | D3: カウンター | E3: スナイパー | F3: 4 | G3: 7000 | H3: 1103 | I3: 417 | J3: 620 | K3: 1 | M3: 男性 | N3: 124 | O3: 不明 | P3: 44937 | Q3: コラン | S3: =IFERROR(__xludf.DUMMYFUNCTION("""COMPUTED_VALUE"""),"バエル") -> バエル | T3: 男性 | U3: 124 | V3: 不明 | W3: 44937 | X3: コラン | Z3: 雷
A4: 祖02 | B4: アガレスC | C4: イベント | D4: カウンター | E4: スナイパー | F4: 4 | G4: 6106 | H4: 1218 | I4: 394 | J4: 616 | K4: 1 | M4: 男性 | N4: 186 | O4: 26 | P4: 45106 | Q4: 羽ばたく鰐 | S4: =IFERROR(__xludf.DUMMYFUNCTION("""COMPUTED_VALUE"""),"アガレス") -> アガレス | T4: 男性 | U4: 186 | V4: 26 | W4: 45106 | X4: 羽ばたく鰐 | Z4: 地
A5: 祖02 | B5: アガレス | C5: 召喚 | D5: バースト | E5: スナイパー | F5: 5 | G5: 10712 | H5: 971 | I5: 418 | J5: 427 | K5: 1 | M5: 男性 | N5: 186 | O5: 26 | P5: 45106 | Q5: 羽ばたく鰐 | S5: =IFERROR(__xludf.DUMMYFUNCTION("""COMPUTED_VALUE"""),"アガレス") -> アガレス | T5: 男性 | U5: 186 | V5: 26 | W5: 45106 | X5: 羽ばたく鰐 | Z5: 地
A6: 祖03 | B6: ウァサゴB | C6: 召喚 | D6: バースト | E6: ファイター | F6: 4 | G6: 7736 | H6: 935 | I6: 538 | J6: 460 | K6: 1 | M6: 女性 | N6: 164 | O6: 19 | P6: 45021 | Q6: エリザ | S6: =IFERROR(__xludf.DUMMYFUNCTION("""COMPUTED_VALUE"""),"ウァサゴ") -> ウァサゴ | T6: 女性 | U6: 164 | V6: 19 | W6: 45021 | X6: エリザ | Z6: 地
A7: 祖03 | B7: ウァサゴ | C7: 召喚 | D7: ラッシュ | E7: ファイター | F7: 3 | G7: 5743 | H7: 980 | I7: 500 | J7: 614 | K7: 1 | M7: 女性 | N7: 164 | O7: 19 | P7: 45021 | Q7: エリザ | S7: =IFERROR(__xludf.DUMMYFUNCTION("""COMPUTED_VALUE"""),"ウァサゴ") -> ウァサゴ | T7: 女性 | U7: 164 | V7: 19 | W7: 45021 | X7: エリザ | Z7: 地
A8: 祖04 | B8: ガミジンB | C8: イベント | D8: バースト | E8: ファイター | F8: 4 | G8: 8467 | H8: 1070 | I8: 423 | J8: 492 | K8: 1 | M8: 男性 | N8: 185 | O8: 28 | P8: 45002 | Q8: ？ | S8: =IFERROR(__xludf.DUMMYFUNCTION("""COMPUTED_VALUE"""),"ガミジン") -> ガミジン | T8: 男性 | U8: 185 | V8: 28 | W8: 45002 | X8: ？ | Z8: 地
A9: 祖04 | B9: ガミジン | C9: 召喚 | D9: カウンター | E9: ファイター | F9: 5 | G9: 8729 | H9: 1193 | I9: 418 | J9: 417 | K9: 1 | M9: 男性 | N9: 185 | O9: 28 | P9: 45002 | Q9: ？ | S9: =IFERROR(__xludf.DUMMYFUNCTION("""COMPUTED_VALUE"""),"ガミジン") -> ガミジン | T9: 男性 | U9: 185 | V9: 28 | W9: 45002 | X9: ？ | Z9: 地
A10: 祖05 | B10: マルバスR | C10: イベント | D10: ラッシュ | E10: スナイパー | F10: 4 | G10: 7730 | H10: 597 | I10: 586 | J10: 657 | K10: 1 | M10: 女性 | N10: 145 | O10: 14 | P10: 45031 | Q10: ？ | S10: =IFERROR(__xludf.DUMMYFUNCTION("""COMPUTED_VALUE"""),"マルバス") -> マルバス | T10: 女性 | U10: 145 | V10: 14 | W10: 45031 | X10: ？ | Z10: 地
A11: 祖05 | B11: マルバス | C11: 召喚 | D11: カウンター | E11: スナイパー | F11: 4 | G11: 7262 | H11: 628 | I11: 489 | J11: 719 | K11: 1 | M11: 女性 | N11: 145 | O11: 14 | P11: 45031 | Q11: ？ | S11: =IFERROR(__xludf.DUMMYFUNCTION("""COMPUTED_VALUE"""),"マルバス") -> マルバス | T11: 女性 | U11: 145 | V11: 14 | W11: 45031 | X11: ？ | Z11: 地
A12: 祖06 | B12: ウァレフォルC | C12: 召喚 | D12: カウンター | E12: ファイター | F12: 4 | G12: 6806 | H12: 1340 | I12: 390 | J12: 509 | K12: 1 | M12: 女性 | N12: 181 | O12: 25 | P12: 45005 | Q12: ？ | S12: =IFERROR(__xludf.DUMMYFUNCTION("""COMPUTED_VALUE"""),"ウァレフォル") -> ウァレフォル | T12: 女性 | U12: 181 | V12: 25 | W12: 45005 | X12: ？ | Z12: 雷
A13: 祖06 | B13: ウァレフォル | C13: 召喚 | D13: ラッシュ | E13: ファイター | F13: 3 | G13: 5855 | H13: 1150 | I13: 287 | J13: 678 | K13: 2 | M13: 女性 | N13: 181 | O13: 25 | P13: 45005 | Q13: ？ | S13: =IFERROR(__xludf.DUMMYFUNCTION("""COMPUTED_VALUE"""),"ウァレフォル") -> ウァレフォル | T13: 女性 | U13: 181 | V13: 25 | W13: 45005 | X13: ？ | Z13: 地
A14: 祖07 | B14: アモンR | C14: 召喚 | D14: ラッシュ | E14: ファイター | F14: 2 | G14: 6039 | H14: 1200 | I14: 420 | J14: 627 | K14: 3 | M14: 男性 | N14: 153 | O14: 13 | P14: 45157 | Q14: リュカ | S14: =IFERROR(__xludf.DUMMYFUNCTION("""COMPUTED_VALUE"""),"アモン") -> アモン | T14: 男性 | U14: 153 | V14: 13 | W14: 45157 | X14: リュカ | Z14: 火
A15: 祖07 | B15: アモン | C15: 召喚 | D15: バースト | E15: ファイター | F15: 4 | G15: 4598 | H15: 1194 | I15: 417 | J15: 685 | K15: 1 | M15: 男性 | N15: 153 | O15: 13 | P15: 45157 | Q15: リュカ | S15: =IFERROR(__xludf.DUMMYFUNCTION("""COMPUTED_VALUE"""),"アモン") -> アモン | T15: 男性 | U15: 153 | V15: 13 | W15: 45157 | X15: リュカ | Z15: 火
A16: 祖08 | B16: バルバトスR | C16: 召喚 | D16: ラッシュ | E16: スナイパー | F16: 3 | G16: 7713 | H16: 1226 | I16: 421 | J16: 492 | K16: 1 | M16: 男性 | N16: 173 | O16: 不明 | P16: 45086 | Q16: ？ | S16: =IFERROR(__xludf.DUMMYFUNCTION("""COMPUTED_VALUE"""),"バルバトス") -> バルバトス | T16: 男性 | U16: 173 | V16: 不明 | W16: 45086 | X16: ？ | Z16: 風
A17: 祖08 | B17: バルバトス | C17: メイン | D17: カウンター | E17: スナイパー | F17: 3 | G17: 7659 | H17: 960 | I17: 476 | J17: 474 | K17: 1 | M17: 男性 | N17: 173 | O17: 不明 | P17: 45086 | Q17: ？ | S17: =IFERROR(__xludf.DUMMYFUNCTION("""COMPUTED_VALUE"""),"バルバトス") -> バルバトス | T17: 男性 | U17: 173 | V17: 不明 | W17: 45086 | X17: ？ | Z17: 風
A18: 祖09 | B18: パイモンB | C18: 召喚 | D18: バースト | E18: ファイター | F18: 4 | G18: 7092 | H18: 1194 | I18: 381 | J18: 610 | K18: 1 | M18: 男性 | N18: 179 | O18: 不明 | P18: 45188 | Q18: ？ | S18: =IFERROR(__xludf.DUMMYFUNCTION("""COMPUTED_VALUE"""),"パイモン") -> パイモン | T18: 男性 | U18: 179 | V18: 不明 | W18: 45188 | X18: ？ | Z18: 水
A19: 祖09 | B19: パイモン | C19: メイン | D19: ラッシュ | E19: ファイター | F19: 3 | G19: 7172 | H19: 1191 | I19: 420 | J19: 472 | K19: 1 | M19: 男性 | N19: 179 | O19: 不明 | P19: 45188 | Q19: ？ | S19: =IFERROR(__xludf.DUMMYFUNCTION("""COMPUTED_VALUE"""),"パイモン") -> パイモン | T19: 男性 | U19: 179 | V19: 不明 | W19: 45188 | X19: ？ | Z19: 水
A20: 祖10 | B20: ブエルR | C20: 召喚 | D20: ラッシュ | E20: スナイパー | F20: 2 | G20: 7733 | H20: 640 | I20: 523 | J20: 648 | K20: 1 | M20: 女性 | N20: 148 | O20: 14 | P20: 44944 | Q20: モニカ | S20: =IFERROR(__xludf.DUMMYFUNCTION("""COMPUTED_VALUE"""),"ブエル") -> ブエル | T20: 女性 | U20: 148 | V20: 14 | W20: 44944 | X20: モニカ | Z20: 水
A21: 祖10 | B21: ブエル | C21: 召喚 | D21: バースト | E21: スナイパー | F21: 4 | G21: 7275 | H21: 642 | I21: 477 | J21: 716 | K21: 1 | M21: 女性 | N21: 148 | O21: 14 | P21: 44944 | Q21: モニカ | S21: =IFERROR(__xludf.DUMMYFUNCTION("""COMPUTED_VALUE"""),"ブエル") -> ブエル | T21: 女性 | U21: 148 | V21: 14 | W21: 44944 | X21: モニカ | Z21: 水
A22: 祖11 | B22: グシオンB | C22: イベント | D22: バースト | E22: スナイパー | F22: 5 | G22: 8586 | H22: 1037 | I22: 430 | J22: 491 | K22: 1 | M22: 女性 | N22: 140 | O22: 12 | P22: 45173 | Q22: アネット | S22: =IFERROR(__xludf.DUMMYFUNCTION("""COMPUTED_VALUE"""),"グシオン") -> グシオン | T22: 女性 | U22: 140 | V22: 12 | W22: 45173 | X22: アネット | Z22: 雷
A23: 祖11 | B23: グシオン | C23: 召喚 | D23: カウンター | E23: スナイパー | F23: 4 | G23: 7727 | H23: 857 | I23: 430 | J23: 697 | K23: 1 | M23: 女性 | N23: 140 | O23: 12 | P23: 45173 | Q23: アネット | S23: =IFERROR(__xludf.DUMMYFUNCTION("""COMPUTED_VALUE"""),"グシオン") -> グシオン | T23: 女性 | U23: 140 | V23: 12 | W23: 45173 | X23: アネット | Z23: 雷
A24: 祖12 | B24: シトリーR | C24: イベント | D24: ラッシュ | E24: トルーパー | F24: 2 | G24: 8547 | H24: 1001 | I24: 487 | J24: 421 | K24: 1 | M24: 女性 | N24: 165 | O24: 不明 | P24: 44966 | Q24: （忘却） | S24: =IFERROR(__xludf.DUMMYFUNCTION("""COMPUTED_VALUE"""),"シトリー") -> シトリー | T24: 女性 | U24: 165 | V24: 不明 | W24: 44966 | X24: （忘却） | Z24: 水
A25: 祖12 | B25: シトリー | C25: 召喚 | D25: カウンター | E25: トルーパー | F25: 5 | G25: 5667 | H25: 1176 | I25: 494 | J25: 476 | K25: 2 | M25: 女性 | N25: 165 | O25: 不明 | P25: 44966 | Q25: （忘却） | S25: =IFERROR(__xludf.DUMMYFUNCTION("""COMPUTED_VALUE"""),"シトリー") -> シトリー | T25: 女性 | U25: 165 | V25: 不明 | W25: 44966 | X25: （忘却） | Z25: 雷
A26: 祖13 | B26: ベレトB | C26: 召喚 | D26: バースト | E26: トルーパー | F26: 5 | G26: 7097 | H26: 1354 | I26: 407 | J26: 470 | K26: 1 | M26: 女性 | N26: 147 | O26: 15 | P26: 44948 | Q26: ？ | S26: =IFERROR(__xludf.DUMMYFUNCTION("""COMPUTED_VALUE"""),"ベレト") -> ベレト | T26: 女性 | U26: 147 | V26: 15 | W26: 44948 | X26: ？ | Z26: 氷
A27: 祖13 | B27: ベレト | C27: メイン | D27: カウンター | E27: トルーパー | F27: 5 | G27: 5968 | H27: 1206 | I27: 411 | J27: 626 | K27: 1 | M27: 女性 | N27: 147 | O27: 15 | P27: 44948 | Q27: ？ | S27: =IFERROR(__xludf.DUMMYFUNCTION("""COMPUTED_VALUE"""),"ベレト") -> ベレト | T27: 女性 | U27: 147 | V27: 15 | W27: 44948 | X27: ？ | Z27: 氷
A28: 祖14 | B28: レラジェR | C28: イベント | D28: ラッシュ | E28: スナイパー | F28: 2 | G28: 6116 | H28: 1210 | I28: 644 | J28: 430 | K28: 1 | M28: 女性 | N28: 161 | O28: 18 | P28: 45029 | Q28: （本名） | S28: =IFERROR(__xludf.DUMMYFUNCTION("""COMPUTED_VALUE"""),"レラジェ") -> レラジェ | T28: 女性 | U28: 161 | V28: 18 | W28: 45029 | X28: （本名） | Z28: 風
A29: 祖14 | B29: レラジェ | C29: 召喚 | D29: カウンター | E29: スナイパー | F29: 3 | G29: 5980 | H29: 1386 | I29: 424 | J29: 475 | K29: 1 | M29: 女性 | N29: 161 | O29: 18 | P29: 45029 | Q29: （本名） | S29: =IFERROR(__xludf.DUMMYFUNCTION("""COMPUTED_VALUE"""),"レラジェ") -> レラジェ | T29: 女性 | U29: 161 | V29: 18 | W29: 45029 | X29: （本名） | Z29: 風
A30: 祖15 | B30: エリゴスB | C30: 召喚 | D30: バースト | E30: ファイター | F30: 6 | G30: 7119 | H30: 1280 | I30: 410 | J30: 462 | K30: 2 | M30: 女性 | N30: 163 | O30: 25 | P30: 45055 | Q30: ？ | S30: =IFERROR(__xludf.DUMMYFUNCTION("""COMPUTED_VALUE"""),"エリゴス") -> エリゴス | T30: 女性 | U30: 163 | V30: 25 | W30: 45055 | X30: ？ | Z30: 火
A31: 祖15 | B31: エリゴス | C31: 召喚 | D31: ラッシュ | E31: ファイター | F31: 2 | G31: 5896 | H31: 768 | I31: 622 | J31: 627 | K31: 2 | M31: 女性 | N31: 163 | O31: 25 | P31: 45055 | Q31: ？ | S31: =IFERROR(__xludf.DUMMYFUNCTION("""COMPUTED_VALUE"""),"エリゴス") -> エリゴス | T31: 女性 | U31: 163 | V31: 25 | W31: 45055 | X31: ？ | Z31: 雷
A32: 祖16 | B32: ゼパルC | C32: 召喚 | D32: カウンター | E32: ファイター | F32: 4 | G32: 6210 | H32: 1150 | I32: 409 | J32: 642 | K32: 1 | M32: 女性 | N32: 153 | O32: 15 | P32: 45052 | Q32: アンナ | S32: =IFERROR(__xludf.DUMMYFUNCTION("""COMPUTED_VALUE"""),"ゼパル") -> ゼパル | T32: 女性 | U32: 153 | V32: 15 | W32: 45052 | X32: アンナ | Z32: 火
A33: 祖16 | B33: ゼパル | C33: 召喚 | D33: ラッシュ | E33: ファイター | F33: 2 | G33: 6210 | H33: 1209 | I33: 271 | J33: 693 | K33: 1 | M33: 女性 | N33: 153 | O33: 15 | P33: 45052 | Q33: アンナ | S33: =IFERROR(__xludf.DUMMYFUNCTION("""COMPUTED_VALUE"""),"ゼパル") -> ゼパル | T33: 女性 | U33: 153 | V33: 15 | W33: 45052 | X33: アンナ | Z33: 火
A34: 祖17 | B34: ボティスR | C34: イベント | D34: ラッシュ | E34: トルーパー | F34: 2 | G34: 6545 | H34: 1070 | I34: 505 | J34: 500 | K34: 1 | M34: 女性 | N34: 167 | O34: 24 | P34: 45280 | Q34: ？ | S34: =IFERROR(__xludf.DUMMYFUNCTION("""COMPUTED_VALUE"""),"ボティス") -> ボティス | T34: 女性 | U34: 167 | V34: 24 | W34: 45280 | X34: ？ | Z34: 雷
A35: 祖17 | B35: ボティス | C35: 召喚 | D35: カウンター | E35: トルーパー | F35: 4 | G35: 8845 | H35: 761 | I35: 717 | J35: 286 | K35: 1 | M35: 女性 | N35: 167 | O35: 24 | P35: 45280 | Q35: ？ | S35: =IFERROR(__xludf.DUMMYFUNCTION("""COMPUTED_VALUE"""),"ボティス") -> ボティス | T35: 女性 | U35: 167 | V35: 24 | W35: 45280 | X35: ？ | Z35: 雷
A36: 祖18 | B36: バティンB | C36: 召喚 | D36: バースト | E36: トルーパー | F36: 5 | G36: 7379 | H36: 1362 | I36: 419 | J36: 431 | K36: 1 | M36: 女性 | N36: 163 | O36: 23 | P36: 44935 | Q36: ？ | S36: =IFERROR(__xludf.DUMMYFUNCTION("""COMPUTED_VALUE"""),"バティン") -> バティン | T36: 女性 | U36: 163 | V36: 23 | W36: 44935 | X36: ？ | Z36: 火
A37: 祖18 | B37: バティン | C37: 召喚 | D37: ラッシュ | E37: トルーパー | F37: 3 | G37: 9140 | H37: 1222 | I37: 431 | J37: 423 | K37: 1 | M37: 女性 | N37: 163 | O37: 23 | P37: 44935 | Q37: ？ | S37: =IFERROR(__xludf.DUMMYFUNCTION("""COMPUTED_VALUE"""),"バティン") -> バティン | T37: 女性 | U37: 163 | V37: 23 | W37: 44935 | X37: ？ | Z37: 火
A38: 祖19 | B38: サレオスC | C38: 召喚 | D38: カウンター | E38: ファイター | F38: 4 | G38: 8330 | H38: 881 | I38: 525 | J38: 479 | K38: 1 | M38: 男性 | N38: 165 | O38: 25 | P38: 45116 | Q38: ？ | S38: =IFERROR(__xludf.DUMMYFUNCTION("""COMPUTED_VALUE"""),"サレオス") -> サレオス | T38: 男性 | U38: 165 | V38: 25 | W38: 45116 | X38: ？ | Z38: 水
A39: 祖19 | B39: サレオス | C39: 召喚 | D39: バースト | E39: ファイター | F39: 4 | G39: 8474 | H39: 945 | I39: 490 | J39: 424 | K39: 1 | M39: 男性 | N39: 165 | O39: 25 | P39: 45116 | Q39: ？ | S39: =IFERROR(__xludf.DUMMYFUNCTION("""COMPUTED_VALUE"""),"サレオス") -> サレオス | T39: 男性 | U39: 165 | V39: 25 | W39: 45116 | X39: ？ | Z39: 水
A40: 祖20 | B40: プルソンB | C40: メイン | D40: バースト | E40: トルーパー | F40: 4 | G40: 7094 | H40: 1225 | I40: 514 | J40: 392 | K40: 1 | M40: 男性 | N40: 166 | O40: 16 | P40: 45039 | Q40: エルデ | S40: =IFERROR(__xludf.DUMMYFUNCTION("""COMPUTED_VALUE"""),"プルソン") -> プルソン | T40: 男性 | U40: 166 | V40: 16 | W40: 45039 | X40: エルデ | Z40: 地
A41: 祖20 | B41: プルソン | C41: 召喚 | D41: ラッシュ | E41: トルーパー | F41: 3 | G41: 8688 | H41: 975 | I41: 412 | J41: 475 | K41: 1 | M41: 男性 | N41: 166 | O41: 16 | P41: 45039 | Q41: エルデ | S41: =IFERROR(__xludf.DUMMYFUNCTION("""COMPUTED_VALUE"""),"プルソン") -> プルソン | T41: 男性 | U41: 166 | V41: 16 | W41: 45039 | X41: エルデ | Z41: 地
A42: 祖21 | B42: モラクスR | C42: 召喚 | D42: ラッシュ | E42: ファイター | F42: 3 | G42: 6519 | H42: 1318 | I42: 285 | J42: 644 | K42: 2 | M42: 男性 | N42: 151 | O42: 15 | P42: 45178 | Q42: （本名） | S42: =IFERROR(__xludf.DUMMYFUNCTION("""COMPUTED_VALUE"""),"モラクス") -> モラクス | T42: 男性 | U42: 151 | V42: 15 | W42: 45178 | X42: （本名） | Z42: 火
A43: 祖21 | B43: モラクス | C43: メイン | D43: バースト | E43: ファイター | F43: 4 | G43: 6025 | H43: 1218 | I43: 414 | J43: 614 | K43: 1 | M43: 男性 | N43: 151 | O43: 15 | P43: 45178 | Q43: （本名） | S43: =IFERROR(__xludf.DUMMYFUNCTION("""COMPUTED_VALUE"""),"モラクス") -> モラクス | T43: 男性 | U43: 151 | V43: 15 | W43: 45178 | X43: （本名） | Z43: 火
A44: 祖22 | B44: イポスC | C44: イベント | D44: カウンター | E44: ファイター | F44: 4 | G44: 8705 | H44: 617 | I44: 630 | J44: 489 | K44: 1 | M44: 男性 | N44: 187 | O44: 37 | P44: 45287 | Q44: ？ | S44: =IFERROR(__xludf.DUMMYFUNCTION("""COMPUTED_VALUE"""),"イポス") -> イポス | T44: 男性 | U44: 187 | V44: 37 | W44: 45287 | X44: ？ | Z44: 水
A45: 祖22 | B45: イポス | C45: 召喚 | D45: ラッシュ | E45: ファイター | F45: 3 | G45: 9320 | H45: 984 | I45: 286 | J45: 646 | K45: 1 | M45: 男性 | N45: 187 | O45: 37 | P45: 45287 | Q45: ？ | S45: =IFERROR(__xludf.DUMMYFUNCTION("""COMPUTED_VALUE"""),"イポス") -> イポス | T45: 男性 | U45: 187 | V45: 37 | W45: 45287 | X45: ？ | Z45: 水
A46: 祖23 | B46: アイムR | C46: 召喚 | D46: ラッシュ | E46: スナイパー | F46: 4 | G46: 8455 | H46: 751 | I46: 674 | J46: 280 | K46: 1 | M46: 女性 | N46: 160 | O46: 不明 | P46: 45088 | Q46: ？ | S46: =IFERROR(__xludf.DUMMYFUNCTION("""COMPUTED_VALUE"""),"アイム") -> アイム | T46: 女性 | U46: 160 | V46: 不明 | W46: 45088 | X46: ？ | Z46: 水
A47: 祖23 | B47: アイム | C47: 召喚 | D47: バースト | E47: スナイパー | F47: 6 | G47: 5630 | H47: 1171 | I47: 426 | J47: 644 | K47: 1 | M47: 女性 | N47: 160 | O47: 不明 | P47: 45088 | Q47: ？ | S47: =IFERROR(__xludf.DUMMYFUNCTION("""COMPUTED_VALUE"""),"アイム") -> アイム | T47: 女性 | U47: 160 | V47: 不明 | W47: 45088 | X47: ？ | Z47: 火
A48: 祖24 | B48: ナベリウスB | C48: 召喚 | D48: バースト | E48: トルーパー | F48: 5 | G48: 7261 | H48: 1080 | I48: 438 | J48: 506 | K48: 1 | M48: 女性 | N48: 162 | O48: 20 | P48: 45044 | Q48: ？ | S48: =IFERROR(__xludf.DUMMYFUNCTION("""COMPUTED_VALUE"""),"ナベリウス") -> ナベリウス | T48: 女性 | U48: 162 | V48: 20 | W48: 45044 | X48: ？ | Z48: 火
A49: 祖24 | B49: ナベリウス | C49: 召喚 | D49: ラッシュ | E49: トルーパー | F49: 4 | G49: 7544 | H49: 948 | I49: 501 | J49: 503 | K49: 1 | M49: 女性 | N49: 162 | O49: 20 | P49: 45044 | Q49: ？ | S49: =IFERROR(__xludf.DUMMYFUNCTION("""COMPUTED_VALUE"""),"ナベリウス") -> ナベリウス | T49: 女性 | U49: 162 | V49: 20 | W49: 45044 | X49: ？ | Z49: 火
A50: 祖25 | B50: グラシャラボラスC | C50: 召喚 | D50: カウンター | E50: トルーパー | F50: 4 | G50: 7356 | H50: 1213 | I50: 467 | J50: 440 | K50: 1 | M50: 男性 | N50: 182 | O50: 24 | P50: 45057 | Q50: ？ | S50: =IFERROR(__xludf.DUMMYFUNCTION("""COMPUTED_VALUE"""),"グラシャラボラス") -> グラシャラボラス | T50: 男性 | U50: 182 | V50: 24 | W50: 45057 | X50: ？ | Z50: 雷
A51: 祖25 | B51: グラシャラボラス | C51: 召喚 | D51: バースト | E51: トルーパー | F51: 6 | G51: 7290 | H51: 1170 | I51: 416 | J51: 494 | K51: 1 | M51: 男性 | N51: 182 | O51: 24 | P51: 45057 | Q51: ？ | S51: =IFERROR(__xludf.DUMMYFUNCTION("""COMPUTED_VALUE"""),"グラシャラボラス") -> グラシャラボラス | T51: 男性 | U51: 182 | V51: 24 | W51: 45057 | X51: ？ | Z51: 水
A52: 祖26 | B52: ブネB | C52: 召喚 | D52: バースト | E52: ファイター | F52: 6 | G52: 9000 | H52: 1430 | I52: 420 | J52: 271 | K52: 1 | M52: 男性 | N52: 195 | O52: 41 | P52: 45259 | Q52: フガ | S52: =IFERROR(__xludf.DUMMYFUNCTION("""COMPUTED_VALUE"""),"ブネ") -> ブネ | T52: 男性 | U52: 195 | V52: 41 | W52: 45259 | X52: フガ | Z52: 地
A53: 祖26 | B53: ブネ | C53: メイン | D53: ラッシュ | E53: ファイター | F53: 3 | G53: 9049 | H53: 949 | I53: 497 | J53: 414 | K53: 1 | M53: 男性 | N53: 195 | O53: 41 | P53: 45259 | Q53: フガ | S53: =IFERROR(__xludf.DUMMYFUNCTION("""COMPUTED_VALUE"""),"ブネ") -> ブネ | T53: 男性 | U53: 195 | V53: 41 | W53: 45259 | X53: フガ | Z53: 地
A54: 祖27 | B54: ロノウェR | C54: 召喚 | D54: ラッシュ | E54: ファイター | F54: 4 | G54: 9010 | H54: 1070 | I54: 612 | J54: 285 | K54: 1 | M54: 男性 | N54: 170 | O54: 18 | P54: 45265 | Q54: ？ | S54: =IFERROR(__xludf.DUMMYFUNCTION("""COMPUTED_VALUE"""),"ロノウェ") -> ロノウェ | T54: 男性 | U54: 170 | V54: 18 | W54: 45265 | X54: ？ | Z54: 水
A55: 祖27 | B55: ロノウェ | C55: 召喚 | D55: カウンター | E55: ファイター | F55: 4 | G55: 10836 | H55: 645 | I55: 714 | J55: 285 | K55: 1 | M55: 男性 | N55: 170 | O55: 18 | P55: 45265 | Q55: ？ | S55: =IFERROR(__xludf.DUMMYFUNCTION("""COMPUTED_VALUE"""),"ロノウェ") -> ロノウェ | T55: 男性 | U55: 170 | V55: 18 | W55: 45265 | X55: ？ | Z55: 水
A56: 祖28 | B56: ベリトB | C56: イベント | D56: バースト | E56: ファイター | F56: 4 | G56: 7942 | H56: 1053 | I56: 518 | J56: 432 | K56: 1 | M56: 男性 | N56: 180 | O56: 不明 | P56: 44996 | Q56: ボルフ | S56: =IFERROR(__xludf.DUMMYFUNCTION("""COMPUTED_VALUE"""),"ベリト") -> ベリト | T56: 男性 | U56: 180 | V56: 不明 | W56: 44996 | X56: ボルフ | Z56: 雷
A57: 祖28 | B57: ベリト | C57: 召喚 | D57: カウンター | E57: ファイター | F57: 3 | G57: 5631 | H57: 1226 | I57: 428 | J57: 623 | K57: 1 | M57: 男性 | N57: 180 | O57: 不明 | P57: 44996 | Q57: ボルフ | S57: =IFERROR(__xludf.DUMMYFUNCTION("""COMPUTED_VALUE"""),"ベリト") -> ベリト | T57: 男性 | U57: 180 | V57: 不明 | W57: 44996 | X57: ボルフ | Z57: 雷
A58: 祖29 | B58: アスタロトB | C58: 召喚 | D58: バースト | E58: ファイター | F58: 6 | G58: 5945 | H58: 1216 | I58: 545 | J58: 413 | K58: 1 | M58: 女性 | N58: 170 | O58: 21 | P58: 45204 | Q58: ？ | S58: =IFERROR(__xludf.DUMMYFUNCTION("""COMPUTED_VALUE"""),"アスタロト") -> アスタロト | T58: 女性 | U58: 170 | V58: 21 | W58: 45204 | X58: ？ | Z58: 雷
A59: 祖29 | B59: アスタロト | C59: 召喚 | D59: ラッシュ | E59: ファイター | F59: 3 | G59: 7365 | H59: 1075 | I59: 496 | J59: 476 | K59: 1 | M59: 女性 | N59: 170 | O59: 21 | P59: 45204 | Q59: ？ | S59: =IFERROR(__xludf.DUMMYFUNCTION("""COMPUTED_VALUE"""),"アスタロト") -> アスタロト | T59: 女性 | U59: 170 | V59: 21 | W59: 45204 | X59: ？ | Z59: 氷
A60: 祖30 | B60: フォルネウスB | C60: 召喚 | D60: バースト | E60: トルーパー | F60: 5 | G60: 7642 | H60: 1201 | I60: 408 | J60: 487 | K60: 1 | M60: 男性 | N60: 178 | O60: 25 | P60: 44955 | Q60: フォルス | S60: =IFERROR(__xludf.DUMMYFUNCTION("""COMPUTED_VALUE"""),"フォルネウス") -> フォルネウス | T60: 男性 | U60: 178 | V60: 25 | W60: 44955 | X60: フォルス | Z60: 氷
A61: 祖30 | B61: フォルネウス | C61: 召喚 | D61: カウンター | E61: トルーパー | F61: 4 | G61: 8521 | H61: 635 | I61: 487 | J61: 616 | K61: 1 | M61: 男性 | N61: 178 | O61: 25 | P61: 44955 | Q61: フォルス | S61: =IFERROR(__xludf.DUMMYFUNCTION("""COMPUTED_VALUE"""),"フォルネウス") -> フォルネウス | T61: 男性 | U61: 178 | V61: 25 | W61: 44955 | X61: フォルス | Z61: 氷
A62: 祖31 | B62: フォラスC | C62: イベント | D62: カウンター | E62: スナイパー | F62: 4 | G62: 6507 | H62: 884 | I62: 524 | J62: 611 | K62: 1 | M62: 男性 | N62: 176 | O62: 36 | P62: 45209 | Q62: ？ | S62: =IFERROR(__xludf.DUMMYFUNCTION("""COMPUTED_VALUE"""),"フォラス") -> フォラス | T62: 男性 | U62: 176 | V62: 36 | W62: 45209 | X62: ？ | Z62: 地
A63: 祖31 | B63: フォラス | C63: 召喚 | D63: バースト | E63: スナイパー | F63: 5 | G63: 5724 | H63: 746 | I63: 491 | J63: 691 | K63: 1 | M63: 男性 | N63: 176 | O63: 36 | P63: 45209 | Q63: ？ | S63: =IFERROR(__xludf.DUMMYFUNCTION("""COMPUTED_VALUE"""),"フォラス") -> フォラス | T63: 男性 | U63: 176 | V63: 36 | W63: 45209 | X63: ？ | Z63: 地
A64: 祖32 | B64: アスモデウスR | C64: 特異限定 | D64: ラッシュ | E64: ファイター | F64: 4 | G64: 8983 | H64: 1548 | I64: 454 | J64: 450 | K64: 2 | M64: 女性 | N64: 186 | O64: 不明 | P64: 45248 | Q64: ？ | S64: =IFERROR(__xludf.DUMMYFUNCTION("""COMPUTED_VALUE"""),"アスモデウス") -> アスモデウス | T64: 女性 | U64: 186 | V64: 不明 | W64: 45248 | X64: ？ | Z64: 火
A65: 祖32 | B65: アスモデウス | C65: メイン | D65: バースト | E65: ファイター | F65: 6 | G65: 8686 | H65: 1402 | I65: 423 | J65: 283 | K65: 1 | M65: 女性 | N65: 186 | O65: 不明 | P65: 45248 | Q65: ？ | S65: =IFERROR(__xludf.DUMMYFUNCTION("""COMPUTED_VALUE"""),"アスモデウス") -> アスモデウス | T65: 女性 | U65: 186 | V65: 不明 | W65: 45248 | X65: ？ | Z65: 火
A66: 祖33 | B66: ガープR | C66: 召喚 | D66: ラッシュ | E66: ファイター | F66: 4 | G66: 7733 | H66: 1324 | I66: 532 | J66: 269 | K66: 1 | M66: 男性 | N66: 178 | O66: 22 | P66: 45267 | Q66: セクトル | S66: =IFERROR(__xludf.DUMMYFUNCTION("""COMPUTED_VALUE"""),"ガープ") -> ガープ | T66: 男性 | U66: 178 | V66: 22 | W66: 45267 | X66: セクトル | Z66: 火
A67: 祖33 | B67: ガープ | C67: メイン | D67: カウンター | E67: ファイター | F67: 3 | G67: 10133 | H67: 854 | I67: 642 | J67: 279 | K67: 1 | M67: 男性 | N67: 178 | O67: 22 | P67: 45267 | Q67: セクトル | S67: =IFERROR(__xludf.DUMMYFUNCTION("""COMPUTED_VALUE"""),"ガープ") -> ガープ | T67: 男性 | U67: 178 | V67: 22 | W67: 45267 | X67: セクトル | Z67: 火
A68: 祖34 | B68: フルフルC | C68: 召喚 | D68: カウンター | E68: スナイパー | F68: 4 | G68: 8517 | H68: 1089 | I68: 524 | J68: 308 | K68: 1 | M68: 女性 | N68: 152 | O68: 不明 | P68: 44966 | Q68: ？ | S68: =IFERROR(__xludf.DUMMYFUNCTION("""COMPUTED_VALUE"""),"フルフル") -> フルフル | T68: 女性 | U68: 152 | V68: 不明 | W68: 44966 | X68: ？ | Z68: 雷
A69: 祖34 | B69: フルフル | C69: 召喚 | D69: バースト | E69: スナイパー | F69: 6 | G69: 8688 | H69: 1178 | I69: 487 | J69: 285 | K69: 1 | M69: 女性 | N69: 152 | O69: 不明 | P69: 44966 | Q69: ？ | S69: =IFERROR(__xludf.DUMMYFUNCTION("""COMPUTED_VALUE"""),"フルフル") -> フルフル | T69: 女性 | U69: 152 | V69: 不明 | W69: 44966 | X69: ？ | Z69: 雷
A70: 祖35 | B70: マルコシアスB | C70: 召喚 | D70: バースト | E70: スナイパー | F70: 5 | G70: 6761 | H70: 1338 | I70: 465 | J70: 462 | K70: 1 | M70: 女性 | N70: 160 | O70: 23 | P70: 45083 | Q70: ？ | S70: =IFERROR(__xludf.DUMMYFUNCTION("""COMPUTED_VALUE"""),"マルコシアス") -> マルコシアス | T70: 女性 | U70: 160 | V70: 23 | W70: 45083 | X70: ？ | Z70: 火
A71: 祖35 | B71: マルコシアス | C71: メイン | D71: カウンター | E71: スナイパー | F71: 4 | G71: 7701 | H71: 1152 | I71: 431 | J71: 473 | K71: 1 | M71: 女性 | N71: 160 | O71: 23 | P71: 45083 | Q71: ？ | S71: =IFERROR(__xludf.DUMMYFUNCTION("""COMPUTED_VALUE"""),"マルコシアス") -> マルコシアス | T71: 女性 | U71: 160 | V71: 23 | W71: 45083 | X71: ？ | Z71: 風
A72: 祖36 | B72: ストラスR | C72: 召喚 | D72: ラッシュ | E72: トルーパー | F72: 4 | G72: 7952 | H72: 1081 | I72: 420 | J72: 479 | K72: 1 | M72: 女性 | N72: 166 | O72: 16 | P72: 45097 | Q72: ？ | S72: =IFERROR(__xludf.DUMMYFUNCTION("""COMPUTED_VALUE"""),"ストラス") -> ストラス | T72: 女性 | U72: 166 | V72: 16 | W72: 45097 | X72: ？ | Z72: 風
A73: 祖36 | B73: ストラス | C73: 召喚 | D73: バースト | E73: トルーパー | F73: 5 | G73: 7407 | H73: 1167 | I73: 411 | J73: 488 | K73: 1 | M73: 女性 | N73: 166 | O73: 16 | P73: 45097 | Q73: ？ | S73: =IFERROR(__xludf.DUMMYFUNCTION("""COMPUTED_VALUE"""),"ストラス") -> ストラス | T73: 女性 | U73: 166 | V73: 16 | W73: 45097 | X73: ？ | Z73: 風
A74: 祖37 | B74: フェニックスC | C74: 召喚 | D74: カウンター | E74: ファイター | F74: 5 | G74: 7571 | H74: 1144 | I74: 413 | J74: 600 | K74: 1 | M74: 男性 | N74: 174 | O74: 18 | P74: 45241 | Q74: ルイゼット | S74: =IFERROR(__xludf.DUMMYFUNCTION("""COMPUTED_VALUE"""),"フェニックス") -> フェニックス | T74: 男性 | U74: 174 | V74: 18 | W74: 45241 | X74: ルイゼット | Z74: 火
A75: 祖37 | B75: フェニックス | C75: 召喚 | D75: バースト | E75: ファイター | F75: 6 | G75: 7259 | H75: 967 | I75: 472 | J75: 490 | K75: 1 | M75: 男性 | N75: 174 | O75: 18 | P75: 45241 | Q75: ルイゼット | S75: =IFERROR(__xludf.DUMMYFUNCTION("""COMPUTED_VALUE"""),"フェニックス") -> フェニックス | T75: 男性 | U75: 174 | V75: 18 | W75: 45241 | X75: ルイゼット | Z75: 火
A76: 祖38 | B76: ハルファスR | C76: 召喚 | D76: ラッシュ | E76: ファイター | F76: 3 | G76: 8836 | H76: 953 | I76: 612 | J76: 381 | K76: 2 | M76: 女性 | N76: 144 | O76: 15 | P76: 45064 | Q76: アリン | S76: =IFERROR(__xludf.DUMMYFUNCTION("""COMPUTED_VALUE"""),"ハルファス") -> ハルファス | T76: 女性 | U76: 144 | V76: 15 | W76: 45064 | X76: アリン | Z76: 地
A77: 祖38 | B77: ハルファス | C77: 召喚 | D77: バースト | E77: ファイター | F77: 5 | G77: 6022 | H77: 1400 | I77: 643 | J77: 269 | K77: 1 | M77: 女性 | N77: 144 | O77: 15 | P77: 45064 | Q77: アリン | S77: =IFERROR(__xludf.DUMMYFUNCTION("""COMPUTED_VALUE"""),"ハルファス") -> ハルファス | T77: 女性 | U77: 144 | V77: 15 | W77: 45064 | X77: アリン | Z77: 地
A78: 祖39 | B78: マルファスB | C78: 召喚 | D78: バースト | E78: トルーパー | F78: 4 | G78: 7010 | H78: 1154 | I78: 419 | J78: 527 | K78: 1 | L78: 飛行 | M78: 男性 | N78: 163 | O78: 17 | P78: 44991 | Q78: ？ | S78: =IFERROR(__xludf.DUMMYFUNCTION("""COMPUTED_VALUE"""),"マルファス") -> マルファス | T78: 男性 | U78: 163 | V78: 17 | W78: 44991 | X78: ？ | Z78: 風
A79: 祖39 | B79: マルファス | C79: 召喚 | D79: カウンター | E79: トルーパー | F79: 4 | G79: 7461 | H79: 981 | I79: 504 | J79: 499 | K79: 1 | L79: 飛行 | M79: 男性 | N79: 163 | O79: 17 | P79: 44991 | Q79: ？ | S79: =IFERROR(__xludf.DUMMYFUNCTION("""COMPUTED_VALUE"""),"マルファス") -> マルファス | T79: 男性 | U79: 163 | V79: 17 | W79: 44991 | X79: ？ | Z79: 風
A80: 祖40 | B80: ラウムC | C80: 召喚 | D80: カウンター | E80: トルーパー | F80: 3 | G80: 9069 | H80: 955 | I80: 618 | J80: 282 | K80: 1 | M80: 男性 | N80: 190 | O80: 18 | P80: 45070 | Q80: アルフォンソ | S80: =IFERROR(__xludf.DUMMYFUNCTION("""COMPUTED_VALUE"""),"ラウム") -> ラウム | T80: 男性 | U80: 190 | V80: 18 | W80: 45070 | X80: アルフォンソ | Z80: 雷
A81: 祖40 | B81: ラウム | C81: 召喚 | D81: バースト | E81: トルーパー | F81: 5 | G81: 10094 | H81: 1155 | I81: 418 | J81: 277 | K81: 1 | M81: 男性 | N81: 190 | O81: 18 | P81: 45070 | Q81: アルフォンソ | S81: =IFERROR(__xludf.DUMMYFUNCTION("""COMPUTED_VALUE"""),"ラウム") -> ラウム | T81: 男性 | U81: 190 | V81: 18 | W81: 45070 | X81: アルフォンソ | Z81: 雷
A82: 祖41 | B82: フォカロルR | C82: 召喚 | D82: ラッシュ | E82: トルーパー | F82: 2 | G82: 7219 | H82: 728 | I82: 507 | J82: 626 | K82: 1 | M82: 男性 | N82: 183 | O82: 24 | P82: 45118 | Q82: ？ | S82: =IFERROR(__xludf.DUMMYFUNCTION("""COMPUTED_VALUE"""),"フォカロル") -> フォカロル | T82: 男性 | U82: 183 | V82: 24 | W82: 45118 | X82: ？ | Z82: 風
A83: 祖41 | B83: フォカロル | C83: 召喚 | D83: バースト | E83: トルーパー | F83: 5 | G83: 7601 | H83: 993 | I83: 504 | J83: 487 | K83: 1 | M83: 男性 | N83: 183 | O83: 24 | P83: 45118 | Q83: ？ | S83: =IFERROR(__xludf.DUMMYFUNCTION("""COMPUTED_VALUE"""),"フォカロル") -> フォカロル | T83: 男性 | U83: 183 | V83: 24 | W83: 45118 | X83: ？ | Z83: 風
A84: 祖42 | B84: ウェパルB | C84: メイン | D84: バースト | E84: トルーパー | F84: 4 | G84: 8606 | H84: 639 | I84: 646 | J84: 493 | K84: 1 | M84: 女性 | N84: 153 | O84: 17 | P84: 45018 | Q84: マナイ | S84: =IFERROR(__xludf.DUMMYFUNCTION("""COMPUTED_VALUE"""),"ウェパル") -> ウェパル | T84: 女性 | U84: 153 | V84: 17 | W84: 45018 | X84: マナイ | Z84: 水
A85: 祖42 | B85: ウェパル | C85: メイン | D85: ラッシュ | E85: トルーパー | F85: 2 | G85: 5646 | H85: 1188 | I85: 287 | J85: 699 | K85: 1 | M85: 女性 | N85: 153 | O85: 17 | P85: 45018 | Q85: マナイ | S85: =IFERROR(__xludf.DUMMYFUNCTION("""COMPUTED_VALUE"""),"ウェパル") -> ウェパル | T85: 女性 | U85: 153 | V85: 17 | W85: 45018 | X85: マナイ | Z85: 水
A86: 祖43 | B86: サブナックB | C86: イベント | D86: バースト | E86: ファイター | F86: 4 | G86: 8782 | H86: 740 | I86: 700 | J86: 300 | K86: 1 | M86: 男性 | N86: 131 | O86: 19 | P86: 45143 | Q86: アーサー | S86: =IFERROR(__xludf.DUMMYFUNCTION("""COMPUTED_VALUE"""),"サブナック") -> サブナック | T86: 男性 | U86: 131 | V86: 19 | W86: 45143 | X86: アーサー | Z86: 地
A87: 祖43 | B87: サブナック | C87: 召喚 | D87: カウンター | E87: ファイター | F87: 4 | G87: 8573 | H87: 751 | I87: 682 | J87: 274 | K87: 1 | M87: 男性 | N87: 131 | O87: 19 | P87: 45143 | Q87: アーサー | S87: =IFERROR(__xludf.DUMMYFUNCTION("""COMPUTED_VALUE"""),"サブナック") -> サブナック | T87: 男性 | U87: 131 | V87: 19 | W87: 45143 | X87: アーサー | Z87: 地
A88: 祖44 | B88: シャックスB | C88: 召喚 | D88: バースト | E88: ファイター | F88: 4 | G88: 7327 | H88: 1157 | I88: 428 | J88: 478 | K88: 1 | M88: 女性 | N88: 158 | O88: 16 | P88: 45079 | Q88: （忘却） | S88: =IFERROR(__xludf.DUMMYFUNCTION("""COMPUTED_VALUE"""),"シャックス") -> シャックス | T88: 女性 | U88: 158 | V88: 16 | W88: 45079 | X88: （忘却） | Z88: 雷
A89: 祖44 | B89: シャックス | C89: メイン | D89: カウンター | E89: ファイター | F89: 3 | G89: 7581 | H89: 954 | I89: 478 | J89: 501 | K89: 1 | M89: 女性 | N89: 158 | O89: 16 | P89: 45079 | Q89: （忘却） | S89: =IFERROR(__xludf.DUMMYFUNCTION("""COMPUTED_VALUE"""),"シャックス") -> シャックス | T89: 女性 | U89: 158 | V89: 16 | W89: 45079 | X89: （忘却） | Z89: 雷
A90: 祖45 | B90: ヴィネR | C90: 召喚 | D90: ラッシュ | E90: スナイパー | F90: 4 | G90: 7354 | H90: 746 | I90: 495 | J90: 647 | K90: 1 | M90: 女性 | N90: 154 | O90: 14 | P90: 45127 | Q90: サミア | S90: =IFERROR(__xludf.DUMMYFUNCTION("""COMPUTED_VALUE"""),"ヴィネ") -> ヴィネ | T90: 女性 | U90: 154 | V90: 14 | W90: 45127 | X90: サミア | Z90: 水
A91: 祖45 | B91: ヴィネ | C91: 召喚 | D91: バースト | E91: スナイパー | F91: 4 | G91: 7394 | H91: 841 | I91: 416 | J91: 708 | K91: 1 | M91: 女性 | N91: 154 | O91: 14 | P91: 45127 | Q91: サミア | S91: =IFERROR(__xludf.DUMMYFUNCTION("""COMPUTED_VALUE"""),"ヴィネ") -> ヴィネ | T91: 女性 | U91: 154 | V91: 14 | W91: 45127 | X91: サミア | Z91: 水
A92: 祖46 | B92: ビフロンスC | C92: 召喚 | D92: カウンター | E92: トルーパー | F92: 3 | G92: 6422 | H92: 1214 | I92: 464 | J92: 468 | K92: 1 | M92: 女性 | N92: 169 | O92: 24 | P92: 45188 | Q92: ？ | S92: =IFERROR(__xludf.DUMMYFUNCTION("""COMPUTED_VALUE"""),"ビフロンス") -> ビフロンス | T92: 女性 | U92: 169 | V92: 24 | W92: 45188 | X92: ？ | Z92: 水
A93: 祖46 | B93: ビフロンス | C93: 召喚 | D93: ラッシュ | E93: トルーパー | F93: 4 | G93: 7604 | H93: 1189 | I93: 493 | J93: 424 | K93: 1 | M93: 女性 | N93: 169 | O93: 24 | P93: 45188 | Q93: ？ | S93: =IFERROR(__xludf.DUMMYFUNCTION("""COMPUTED_VALUE"""),"ビフロンス") -> ビフロンス | T93: 女性 | U93: 169 | V93: 24 | W93: 45188 | X93: ？ | Z93: 水
A94: 祖47 | B94: ウヴァルC | C94: イベント | D94: カウンター | E94: ファイター | F94: 3 | G94: 8527 | H94: 1366 | I94: 388 | J94: 422 | K94: 1 | M94: 女性 | N94: 174 | O94: 28 | P94: 45135 | Q94: ノイン | S94: =IFERROR(__xludf.DUMMYFUNCTION("""COMPUTED_VALUE"""),"ウヴァル") -> ウヴァル | T94: 女性 | U94: 174 | V94: 28 | W94: 45135 | X94: ノイン | Z94: 地
A95: 祖47 | B95: ウヴァル | C95: 召喚 | D95: ラッシュ | E95: ファイター | F95: 2 | G95: 7585 | H95: 1404 | I95: 275 | J95: 501 | K95: 1 | M95: 女性 | N95: 174 | O95: 28 | P95: 45135 | Q95: ノイン | S95: =IFERROR(__xludf.DUMMYFUNCTION("""COMPUTED_VALUE"""),"ウヴァル") -> ウヴァル | T95: 女性 | U95: 174 | V95: 28 | W95: 45135 | X95: ノイン | Z95: 地
A96: 祖48 | B96: ハーゲンティB | C96: イベント | D96: バースト | E96: トルーパー | F96: 4 | G96: 7004 | H96: 1199 | I96: 454 | J96: 494 | K96: 1 | M96: 女性 | N96: 145 | O96: 15 | P96: 45013 | Q96: ？ | S96: =IFERROR(__xludf.DUMMYFUNCTION("""COMPUTED_VALUE"""),"ハーゲンティ") -> ハーゲンティ | T96: 女性 | U96: 145 | V96: 15 | W96: 45013 | X96: ？ | Z96: 雷
A97: 祖48 | B97: ハーゲンティ | C97: 召喚 | D97: カウンター | E97: トルーパー | F97: 3 | G97: 7382 | H97: 968 | I97: 418 | J97: 628 | K97: 1 | M97: 女性 | N97: 145 | O97: 15 | P97: 45013 | Q97: ？ | S97: =IFERROR(__xludf.DUMMYFUNCTION("""COMPUTED_VALUE"""),"ハーゲンティ") -> ハーゲンティ | T97: 女性 | U97: 145 | V97: 15 | W97: 45013 | X97: ？ | Z97: 雷
A98: 祖49 | B98: クロケルR | C98: 召喚 | D98: ラッシュ | E98: スナイパー | F98: 2 | G98: 5835 | H98: 1164 | I98: 476 | J98: 500 | K98: 1 | M98: 女性 | N98: 137 | O98: 不明 | P98: 45235 | Q98: （忘却） | S98: =IFERROR(__xludf.DUMMYFUNCTION("""COMPUTED_VALUE"""),"クロケル") -> クロケル | T98: 女性 | U98: 137 | V98: 不明 | W98: 45235 | X98: （忘却） | Z98: 水
A99: 祖49 | B99: クロケル | C99: 召喚 | D99: バースト | E99: スナイパー | F99: 5 | G99: 5688 | H99: 1197 | I99: 287 | J99: 703 | K99: 1 | M99: 女性 | N99: 137 | O99: 不明 | P99: 45235 | Q99: （忘却） | S99: =IFERROR(__xludf.DUMMYFUNCTION("""COMPUTED_VALUE"""),"クロケル") -> クロケル | T99: 女性 | U99: 137 | V99: 不明 | W99: 45235 | X99: （忘却） | Z99: 水
A100: 祖50 | B100: フルカスC | C100: 召喚 | D100: カウンター | E100: ファイター | F100: 4 | G100: 7671 | H100: 1136 | I100: 441 | J100: 479 | K100: 1 | M100: 女性 | N100: 174 | O100: 29 | P100: 45150 | Q100: ？ | S100: =IFERROR(__xludf.DUMMYFUNCTION("""COMPUTED_VALUE"""),"フルカス") -> フルカス | T100: 女性 | U100: 174 | V100: 29 | W100: 45150 | X100: ？ | Z100: 氷
...

Sheet シート1
A1: 総数 | B1: 番号 | C1: 画像 | D1: 名前 | E1: 英語表記 | F1: 性別 | G1: 身長 | H1: 年齢 | I1: 誕生/転生日 | J1: 境遇 | K1: ヴィータ名 | L1: Re済 | M1: 専用衣装のテーマ | N1: 全高(cm) | O1: 体重(kg)
A2: 1 | B2: 祖01 | D2: バエル | E2: Bael | F2: 男性 | G2: 124 | H2: 不明 | I2: 44937 | J2: 転生 | K2: コラン | L2: 〇 | M2: ハロウィン | N2: 0.3～155 | O2: 0.07～72
A3: 2 | B3: 祖02 | D3: アガレス | E3: Agares | F3: 男性 | G3: 186 | H3: 26 | I3: 45106 | J3: 転生 | K3: 羽ばたく鰐 | L3: 〇 | M3: ミリタリー | N3: 527 | O3: 1750
A4: 3 | B4: 祖03 | D4: ウァサゴ | E4: Vassago | F4: 女性 | G4: 164 | H4: 19 | I4: 45021 | J4: 転生 | K4: エリザ | L4: 〇 | M4: イースター | N4: 416 | O4: 3640
A5: 4 | B5: 祖04 | D5: ガミジン | E5: Gamigin | F5: 男性 | G5: 185 | H5: 28 | I5: 45002 | J5: 転生 | K5: ？ | L5: 〇 | M5: フォーマル | N5: 566 | O5: 4820
A6: 5 | B6: 祖05 | D6: マルバス | E6: Marbas | F6: 女性 | G6: 145 | H6: 14 | I6: 45031 | J6: 転生 | K6: ？ | L6: 〇 | M6: ハロウィン | N6: 225 | O6: 96
A7: 6 | B7: 祖06 | D7: ウァレフォル | E7: Valefor | F7: 女性 | G7: 181 | H7: 25 | I7: 45005 | J7: 転生 | K7: ？ | L7: 〇 | M7: フォーマル | N7: 481 | O7: 2940
A8: 7 | B8: 祖07 | D8: アモン | E8: Amon | F8: 男性 | G8: 153 | H8: 13 | I8: 45157 | J8: 転生 | K8: リュカ | L8: 〇 | M8: 正月 | N8: 765 | O8: 3200
A9: 8 | B9: 祖08 | D9: バルバトス | E9: Barbatos | F9: 男性 | G9: 173 | H9: 不明 | I9: 45086 | J9: 転生 | K9: ？ | L9: 〇 | M9: 水着（色違い有） | N9: 712 | O9: 6580
A10: 9 | B10: 祖09 | D10: パイモン | E10: Paimon | F10: 男性 | G10: 179 | H10: 不明 | I10: 45188 | J10: 転生 | K10: ？ | L10: 〇 | M10: 1周年 | N10: 254 | O10: 125
A11: 10 | B11: 祖10 | D11: ブエル | E11: Buer | F11: 女性 | G11: 148 | H11: 14 | I11: 44944 | J11: 転生 | K11: モニカ | L11: 〇 | M11: 水着 | N11: 175 | O11: 43
A12: 11 | B12: 祖11 | D12: グシオン | E12: Gusion | F12: 女性 | G12: 140 | H12: 12 | I12: 45173 | J12: 転生 | K12: アネット | L12: 〇 | M12: フォーマル | N12: 383 | O12: 2130
A13: 12 | B13: 祖12 | D13: シトリー | E13: Sitri | F13: 女性 | G13: 165 | H13: 不明 | I13: 44966 | J13: 転生 | K13: （忘却） | L13: 〇 | M13: クリスマス | N13: 824 | O13: 5710
A14: 13 | B14: 祖13 | D14: ベレト | E14: Beleth | F14: 女性 | G14: 147 | H14: 15 | I14: 44948 | J14: 転生 | K14: ？ | L14: 〇 | M14: ハロウィン | N14: 811 | O14: 2120
A15: 14 | B15: 祖14 | D15: レラジェ | E15: Lerajie | F15: 女性 | G15: 161 | H15: 18 | I15: 45029 | J15: 転生 | K15: （本名） | L15: 〇 | M15: 部活 | N15: 232 | O15: 253
A16: 15 | B16: 祖15 | D16: エリゴス | E16: Eligos | F16: 女性 | G16: 163 | H16: 25 | I16: 45055 | J16: 転生 | K16: ？ | L16: 〇 | M16: バレンタイン | N16: 618 | O16: 4160
A17: 16 | B17: 祖16 | D17: ゼパル | E17: Zepar | F17: 女性 | G17: 153 | H17: 15 | I17: 45052 | J17: 転生 | K17: アンナ | L17: 〇 | M17: ハロウィン | N17: 313 | O17: 923
A18: 17 | B18: 祖17 | D18: ボティス | E18: Botis | F18: 女性 | G18: 167 | H18: 24 | I18: 45280 | J18: 転生 | K18: ？ | L18: 〇 | M18: 普段着 | N18: 467 | O18: 2630
A19: 18 | B19: 祖18 | D19: バティン | E19: Bathin | F19: 女性 | G19: 163 | H19: 23 | I19: 44935 | J19: 転生 | K19: ？ | L19: 〇 | M19: ネオヴィクトリアン | N19: 644 | O19: 104
A20: 19 | B20: 祖19 | D20: サレオス | E20: Saleos | F20: 男性 | G20: 165 | H20: 25 | I20: 45116 | J20: 転生 | K20: ？ | L20: 〇 | M20: セーラー | N20: 984(全長) | O20: 9920
A21: 20 | B21: 祖20 | D21: プルソン | E21: Purson | F21: 男性 | G21: 166 | H21: 16 | I21: 45039 | J21: 転生 | K21: エルデ | L21: 〇 | M21: 72ヶ月（6周年） | N21: 1488 | O21: 42600
A22: 21 | B22: 祖21 | D22: モラクス | E22: Morax | F22: 男性 | G22: 151 | H22: 15 | I22: 45178 | J22: 転生 | K22: （本名） | L22: 〇 | M22: 水着（色違い有） | N22: 666 | O22: 4510
A23: 22 | B23: 祖22 | D23: イポス | E23: Ipos | F23: 男性 | G23: 187 | H23: 37 | I23: 45287 | J23: 転生 | K23: ？ | L23: 〇 | M23: 水着 | N23: 559 | O23: 3810
A24: 23 | B24: 祖23 | D24: アイム | E24: Aim | F24: 女性 | G24: 160 | H24: 不明 | I24: 45088 | J24: 転生 | K24: ？ | L24: 〇 | M24: 浴衣 | N24: 238 | O24: 536
A25: 24 | B25: 祖24 | D25: ナベリウス | E25: Naberius | F25: 女性 | G25: 162 | H25: 20 | I25: 45044 | J25: 転生 | K25: ？ | L25: 〇 | M25: 正月 | N25: 493 | O25: 3300
A26: 25 | B26: 祖25 | D26: グラシャラボラス | E26: Glasya-Labolas | F26: 男性 | G26: 182 | H26: 24 | I26: 45057 | J26: 転生 | K26: ？ | L26: 〇 | M26: 学生服 | N26: 182 | O26: 2220
A27: 26 | B27: 祖26 | D27: ブネ | E27: Bune | F27: 男性 | G27: 195 | H27: 41 | I27: 45259 | J27: 転生 | K27: フガ | L27: 〇 | M27: 水着（色違い有） | N27: 1241 | O27: 26600
A28: 27 | B28: 祖27 | D28: ロノウェ | E28: Ronove | F28: 男性 | G28: 170 | H28: 18 | I28: 45265 | J28: 転生 | K28: ？ | L28: 〇 | M28: 応援団 | N28: 360 | O28: 1370
A29: 28 | B29: 祖28 | D29: ベリト | E29: Berith | F29: 男性 | G29: 180 | H29: 不明 | I29: 44996 | J29: 転生 | K29: ボルフ | L29: 〇 | M29: 浴衣 | N29: 588 | O29: 3570
A30: 29 | B30: 祖29 | D30: アスタロト | E30: Astaroth | F30: 女性 | G30: 170 | H30: 21 | I30: 45204 | J30: 転生 | K30: ？ | L30: 〇 | M30: クリスマス | N30: 1711(全長) | O30: 34300
A31: 30 | B31: 祖30 | D31: フォルネウス | E31: Forneus | F31: 男性 | G31: 178 | H31: 25 | I31: 44955 | J31: 転生 | K31: フォルス | L31: 〇 | M31: クリスマス | N31: 2331(全長) | O31: 12600
A32: 31 | B32: 祖31 | D32: フォラス | E32: Foras | F32: 男性 | G32: 176 | H32: 36 | I32: 45209 | J32: 転生 | K32: ？ | L32: 〇 | M32: クリスマス | N32: 904 | O32: 7810
A33: 32 | B33: 祖32 | D33: アスモデウス | E33: Asmodeus | F33: 女性 | G33: 186 | H33: 不明 | I33: 45248 | J33: 転生 | K33: ？ | L33: 〇 | M33: 1周年 | N33: 1207 | O33: 0
A34: 33 | B34: 祖33 | D34: ガープ | E34: Gaap | F34: 男性 | G34: 178 | H34: 22 | I34: 45267 | J34: 転生 | K34: セクトル | L34: 〇 | M34: 水着（色違い有） | N34: 1378 | O34: 30900
A35: 34 | B35: 祖34 | D35: フルフル | E35: Furfur | F35: 女性 | G35: 152 | H35: 不明 | I35: 44966 | J35: 転生 | K35: ？ | L35: 〇 | M35: パジャマ | N35: 836 | O35: 4360
A36: 35 | B36: 祖35 | D36: マルコシアス | E36: Marchosias | F36: 女性 | G36: 160 | H36: 23 | I36: 45083 | J36: 転生 | K36: ？ | L36: 〇 | M36: 水着（色違い有） | N36: 632 | O36: 3890
A37: 36 | B37: 祖36 | D37: ストラス | E37: Stolas | F37: 女性 | G37: 166 | H37: 16 | I37: 45097 | J37: 転生 | K37: ？ | L37: 〇 | M37: 学生服 | N37: 352 | O37: 156
A38: 37 | B38: 祖37 | D38: フェニックス | E38: Phoenix | F38: 男性 | G38: 174 | H38: 18 | I38: 45241 | J38: 転生 | K38: ルイゼット | L38: 〇 | M38: ホワイトデー | N38: 743 | O38: 133
A39: 38 | B39: 祖38 | D39: ハルファス | E39: Halphas | F39: 女性 | G39: 144 | H39: 15 | I39: 45064 | J39: 転生 | K39: アリン | L39: 〇 | M39: 正月 | N39: 144 | O39: 127
A40: 39 | B40: 祖39 | D40: マルファス | E40: Malphas | F40: 男性 | G40: 163 | H40: 17 | I40: 44991 | J40: 転生 | K40: ？ | L40: 〇 | M40: 水着 | N40: 1629 | O40: 38800
A41: 40 | B41: 祖40 | D41: ラウム | E41: Raum | F41: 男性 | G41: 190 | H41: 18 | I41: 45070 | J41: 転生 | K41: アルフォンソ | L41: 〇 | M41: ホワイトデー | N41: 449 | O41: 3570
A42: 41 | B42: 祖41 | D42: フォカロル | E42: Focalor | F42: 男性 | G42: 183 | H42: 24 | I42: 45118 | J42: 転生 | K42: ？ | L42: 〇 | M42: 正月 | N42: 852 | O42: 768
A43: 42 | B43: 祖42 | D43: ウェパル | E43: Vepar | F43: 女性 | G43: 153 | H43: 17 | I43: 45018 | J43: 転生 | K43: マナイ | L43: 〇 | M43: 水着（色違い有） | N43: 1010(全長) | O43: 3350
A44: 43 | B44: 祖43 | D44: サブナック | E44: Sabnac | F44: 男性 | G44: 131 | H44: 19 | I44: 45143 | J44: 転生 | K44: アーサー | L44: 〇 | M44: バンキン族の鎧 | N44: 2285 | O44: 379000
A45: 44 | B45: 祖44 | D45: シャックス | E45: Shax | F45: 女性 | G45: 158 | H45: 16 | I45: 45079 | J45: 転生 | K45: （忘却） | L45: 〇 | M45: 水着（色違い有） | N45: 751 | O45: 1730
A46: 45 | B46: 祖45 | D46: ヴィネ | E46: Vine | F46: 女性 | G46: 154 | H46: 14 | I46: 45127 | J46: 転生 | K46: サミア | L46: 〇 | M46: クリスマス | N46: 2490 | O46: 482000
A47: 46 | B47: 祖46 | D47: ビフロンス | E47: Bifrons | F47: 女性 | G47: 169 | H47: 24 | I47: 45188 | J47: 転生 | K47: ？ | L47: 〇 | M47: 水着 | N47: 444 | O47: 763
A48: 47 | B48: 祖47 | D48: ウヴァル | E48: Uvall | F48: 女性 | G48: 174 | H48: 28 | I48: 45135 | J48: 転生 | K48: ノイン | L48: 〇 | M48: 正月 | N48: 156 | O48: 72
A49: 48 | B49: 祖48 | D49: ハーゲンティ | E49: Hagenti | F49: 女性 | G49: 145 | H49: 15 | I49: 45013 | J49: 転生 | K49: ？ | L49: 〇 | M49: 正月 | N49: 509 | O49: 5240
A50: 49 | B50: 祖49 | D50: クロケル | E50: Crocell | F50: 女性 | G50: 137 | H50: 不明 | I50: 45235 | J50: 転生 | K50: （忘却） | L50: 〇 | M50: クリスマス | N50: 287 | O50: 1240
A51: 50 | B51: 祖50 | D51: フルカス | E51: Furcas | F51: 女性 | G51: 174 | H51: 29 | I51: 45150 | J51: 転生 | K51: ？ | L51: 〇 | M51: チアリーダー | N51: 696 | O51: 3240
A52: 51 | B52: 祖51 | D52: バラム | E52: Balam | F52: 男性 | G52: 172 | H52: 不明 | I52: 44931 | J52: 転生 | K52: （忘却） | L52: 〇 | M52: 2周年 | N52: 1305(全長) | O52: 21800
A53: 52 | B53: 祖52 | D53: アロケル | E53: Allocer | F53: 男性 | G53: 168 | H53: 16 | I53: 44977 | J53: 転生 | K53: ？ | L53: 〇 | M53: パジャマ | N53: 244 | O53: 169
A54: 53 | B54: 祖53 | D54: カイム | E54: Caim | F54: 男性 | G54: 184 | H54: 27 | I54: 45093 | J54: 転生 | K54: （本名） | L54: 〇 | M54: クリスマス | N54: 329 | O54: 579
A55: 54 | B55: 祖54 | D55: ムルムル | E55: Murmur | F55: 女性 | G55: 164 | H55: 19 | I55: 45168 | J55: 転生 | K55: マリーナ | L55: 〇 | M55: クリスマス | N55: 659 | O55: 5080
A56: 55 | B56: 祖55 | D56: オロバス | E56: Orobas | F56: 男性 | G56: 182 | H56: 不明 | I56: 45218 | J56: 転生 | K56: ？ | L56: 〇 | M56: 浴衣 | N56: 799 | O56: 7630
A57: 56 | B57: 祖56 | D57: グレモリー | E57: Gremory | F57: 女性 | G57: 177 | H57: 35 | I57: 45105 | J57: 転生 | K57: イゾルデ | L57: 〇 | M57: 普段着 | N57: 515 | O57: 2340
A58: 57 | B58: 祖57 | D58: オセ | E58: Ose | F58: 女性 | G58: 173 | H58: 忘却 | I58: 44987 | J58: 転生 | K58: ？ | L58: 〇 | M58: ミリタリー | N58: 162 | O58: 220
A59: 58 | B59: 祖58 | D59: アミー | E59: Amy | F59: 女性 | G59: 160 | H59: 26 | I59: 45272 | J59: 転生 | K59: （本名） | L59: 〇 | M59: バレンタイン | N59: 738 | O59: 8970
A60: 59 | B60: 祖59 | D60: オリアス | E60: Orias | F60: 女性 | G60: 162 | H60: 不明 | I60: 45226 | J60: 転生 | K60: ？ | L60: 〇 | M60: クリスマス | N60: 877 | O60: 10100
A61: 60 | B61: 祖60 | D61: ウァプラ | E61: Vapula | F61: 男性 | G61: 173 | H61: 不明 | I61: 45250 | J61: 転生 | K61: グリプス | L61: 〇 | M61: フォーマル | N61: 671 | O61: 4050
A62: 61 | B62: 祖61 | D62: ザガン | E62: Zagan | F62: 女性 | G62: 163 | H62: 17 | I62: 45122 | J62: 転生 | K62: （本名） | L62: 〇 | M62: バレンタイン | N62: 438 | O62: 2160
A63: 62 | B63: 祖62 | D63: ウァラク | E63: Valac | F63: 女性 | G63: 165 | H63: 28 | I63: 45190 | J63: 転生 | K63: エレン | L63: 〇 | M63: 正月 | N63: 138 | O63: 835
A64: 63 | B64: 祖63 | D64: アンドラス | E64: Andras | F64: 男性 | G64: 174 | H64: 18 | I64: 45130 | J64: 転生 | K64: エミー | L64: 〇 | M64: イースター | N64: 276 | O64: 85
A65: 64 | B65: 祖64 | D65: フラウロス | E65: Flauros | F65: 男性 | G65: 173 | H65: 27 | I65: 45196 | J65: 転生 | K65: ユーゴ | L65: 〇 | M65: ハロウィン | N65: 261 | O65: 316
A66: 65 | B66: 祖65 | D66: アンドレアルフス | E66: Andrealphus | F66: 男性 | G66: 173 | H66: 33 | I66: 45023 | J66: 転生 | K66: ？ | L66: 〇 | M66: イースター | N66: 578 | O66: 2590
A67: 66 | B67: 祖66 | D67: キマリス | E67: Kimaris | F67: 女性 | G67: 130 | H67: 10 | I67: 45075 | J67: 転生 | K67: エディリ | L67: 〇 | M67: レインコート | N67: 923 | O67: 8110
A68: 67 | B68: 祖67 | D68: アムドゥスキアス | E68: Amduscias | F68: 女性 | G68: 132 | H68: 14 | I68: 44962 | J68: 転生 | K68: ソーラ | L68: 〇 | M68: 水着 | N68: 198 | O68: 694
A69: 68 | B69: 祖68 | D69: ベリアル | E69: Belial | F69: 女性 | G69: 149 | H69: 不明 | I69: 44968 | J69: 転生 | K69: フラウ | L69: 〇 | M69: 2周年 | N69: 1095 | O69: 6270
A70: 69 | B70: 祖69 | D70: デカラビア | E70: Decarabia | F70: 男性 | G70: 168 | H70: 18 | I70: 45232 | J70: 転生 | K70: セーマン | L70: 〇 | M70: クリスマス | N70: 1123 | O70: 1640
A71: 70 | B71: 祖70 | D71: セーレ | E71: Seere | F71: 男性 | G71: 133 | H71: 10 | I71: 44985 | J71: 転生 | K71: ？ | L71: 〇 | M71: レインコート | N71: 450 | O71: 1250
A72: 71 | B72: 祖71 | D72: ダンタリオン | E72: Dantalion | F72: 女性 | G72: 133 | H72: 12 | I72: 45221 | J72: 転生 | K72: クレア | L72: 〇 | M72: 浴衣 | N72: 547 | O72: 2070
A73: 72 | B73: 祖72 | D73: アンドロマリウス | E73: Andromalius | F73: 女性 | G73: 155 | H73: 16 | I73: 45179 | J73: 転生 | K73: ？ | L73: 〇 | M73: クリスマス | N73: 473 | O73: 954
A74: 73 | B74: 真01 | D74: リリム | E74: Lilim | F74: 女性 | G74: 130 | H74: 不明 | I74: ‐ | J74: 純正 | K74: ‐ | L74: 〇 | M74: 正月 | N74: 507 | O74: 4226
A75: 74 | B75: 真02 | D75: ニバス | E75: Nybbas | F75: 女性 | G75: 153 | H75: 100↓ | I75: ‐ | J75: 純正 | K75: ‐ | L75: 〇 | M75: バレンタイン | N75: 713 | O75: 4901
A76: 75 | B76: 真03 | D76: サキュバス | E76: Succubus | F76: 女性 | G76: 154 | H76: 不明 | I76: ‐ | J76: 純正 | K76: ‐ | L76: 〇 | M76: 水着 | N76: 719 | O76: 2704
A77: 76 | B77: 真04 | D77: ユフィール | E77: Uphir | F77: 女性 | G77: 172 | H77: 不明 | I77: ‐ | J77: 純正 | K77: ‐ | L77: 〇 | M77: 3周年 | N77: 662 | O77: 3351
A78: 77 | B78: 真05 | D78: フリアエ | E78: Furiae | F78: 女性 | G78: 166 | H78: 不明 | I78: ‐ | J78: 純正 | K78: ‐ | L78: 〇 | M78: パジャマ | N78: 401 | O78: 515
A79: 78 | B79: 真06 | D79: アラストール | E79: Alastor | F79: 女性 | G79: 150 | H79: 不明 | I79: ‐ | J79: 純正 | K79: ‐ | L79: 〇 | M79: ‐ | N79: 337 | O79: 119
A80: 79 | B80: 真07 | D80: ヒュトギン | E80: Hutgin | F80: 男性 | G80: 177 | H80: 100↓ | I80: ‐ | J80: 純正 | K80: ‐ | L80: 〇 | M80: ホワイトデー | N80: 538 | O80: 1159
A81: 80 | B81: 真08 | D81: ロキ | E81: Loki | F81: 男性 | G81: 177 | H81: 不明 | I81: ‐ | J81: 純正 | K81: ‐ | L81: 〇 | M81: ‐ | N81: 886 | O81: 212
A82: 81 | B82: 真09 | D82: インキュバス | E82: Incubus | F82: 男性 | G82: 164 | H82: 不明 | I82: ‐ | J82: 純正 | K82: ‐ | L82: 〇 | M82: ホワイトデー | N82: 766 | O82: 3329
A83: 82 | B83: 真10 | D83: グリマルキン | E83: Grimalkin | F83: 女性 | G83: 150 | H83: 不明 | I83: ‐ | J83: 純正 | K83: ‐ | L83: 〇 | M83: レインコート | N83: 562 | O83: 1291
A84: 83 | B84: 真11 | D84: コルソン | E84: Corson | F84: 女性 | G84: 123 | H84: 不明 | I84: ‐ | J84: 純正 | K84: ‐ | L84: 〇 | M84: 水着 | N84: 373 | O84: 33
A85: 84 | B85: 真12 | D85: ジニマル | E85: Jinimal | F85: 女性 | G85: 182 | H85: 不明 | I85: ‐ | J85: 純正 | K85: ‐ | L85: 〇 | M85: 水着 | N85: 406 | O85: 1650
A86: 85 | B86: 真13 | D86: バフォメット | E86: Baphomet | F86: 女性 | G86: 163 | H86: 不明 | I86: ‐ | J86: 純正 | K86: ‐ | M86: イースター | N86: 445 | O86: 282
A87: 86 | B87: 真14 | D87: サラ | E87: Sarah | F87: 女性 | G87: 165 | H87: 不明 | I87: 45017 | J87: 被験 | K87: （本名） | L87: 〇 | M87: ‐ | N87: 440 | O87: 4030
A88: 87 | B88: 真15 | D88: サタナキア | E88: Satanachia | F88: 男性 | G88: 190 | H88: 不明 | I88: ‐ | J88: 純正 | K88: ‐ | L88: 〇 | M88: 水着 | N88: 549 | O88: 5009
A89: 88 | B89: 真16 | D89: タナトス | E89: Thanatos | F89: 男性 | G89: 175 | H89: 不明 | I89: ‐ | J89: 純正 | K89: ‐ | M89: ‐ | N89: 461 | O89: 181
A90: 89 | B90: 真17 | D90: ティアマト | E90: Tiamat | F90: 女性 | G90: 160 | H90: 不明 | I90: ‐ | J90: 純正 | K90: ‐ | L90: 〇 | M90: ハロウィン | N90: 371 | O90: 3159
A91: 90 | B91: 真18 | D91: ブニ | E91: Buni | F91: 女性 | G91: 159 | H91: 不明 | I91: ‐ | J91: 純正 | K91: ‐ | L91: 〇 | M91: バレンタイン | N91: 993 | O91: 72507
A92: 91 | B92: 真19 | D92: オリエンス | E92: Oriens | F92: 女性 | G92: 159 | H92: 100↓ | I92: ‐ | J92: 純正 | K92: ‐ | L92: 〇 | M92: 正月 | N92: 404 | O92: 446
A93: 92 | B93: 真20 | D93: アリオク | E93: Arioch | F93: 女性 | G93: 169 | H93: 不明 | I93: ‐ | J93: 純正 | K93: ‐ | M93: ‐ | N93: 772 | O93: 6729
A94: 93 | B94: 真21 | D94: リヴァイアサン | E94: Leviathan | F94: 女性 | G94: 163 | H94: 500↑ | I94: ‐ | J94: 純正 | K94: ‐ | M94: 4周年 | N94: 5000(全長) | O94: 33000
A95: 94 | B95: 真22 | D95: カスピエル | E95: Caspiel | F95: 男性 | G95: 183 | H95: 不明 | I95: 44988 | J95: 転生 | K95: （本名） | L95: 〇 | M95: 水着 | N95: 396 | O95: 2581
A96: 95 | B96: 真23 | D96: ネフィリム | E96: Nephilim | F96: 女性 | G96: 185 | H96: 不明 | I96: ‐ | J96: 純正 | K96: ‐ | L96: 〇 | M96: 正月 | N96: 650 | O96: 5200
A97: 96 | B97: 真24 | D97: ミノソン | E97: Minoson | F97: 女性 | G97: 175 | H97: 不明 | I97: ‐ | J97: 純正 | K97: ‐ | M97: フォーマル | N97: 660 | O97: 4305
A98: 97 | B98: 真25 | D98: ニスロク | E98: Nisroch | F98: 男性 | G98: 184 | H98: 不明 | I98: ‐ | J98: 純正 | K98: ‐ | L98: 〇 | M98: 正月 | N98: 319 | O98: 102
A99: 98 | B99: 真26 | D99: オレイ | E99: Oray | F99: 男性 | G99: 173 | H99: 不明 | I99: ‐ | J99: 純正 | K99: ‐ | M99: ‐ | N99: 344 | O99: 147
A100: 99 | B100: 真27 | D100: マルチネ | E100: Martinet | F100: 女性 | G100: 149 | H100: 不明 | I100: 45066 | J100: 転生 | K100: （本名） | L100: 〇 | M100: ‐ | N100: 323 | O100: 3232
...

Sheet シート3
A1: バエル | B1: バースト | C1: スナイパー | D1: ストーリー | E1: 雷
A2: バエルC | B2: カウンター | C2: スナイパー | D2: 召喚 | E2: 雷
A3: アガレス | B3: バースト | C3: スナイパー | D3: 引き直し対象 | E3: 地
A4: アガレスC | B4: カウンター | C4: スナイパー | D4: 常設イベント | E4: 地
A5: ウァサゴ | B5: ラッシュ | C5: ファイター | D5: 引き直し対象 | E5: 地
A6: ウァサゴB | B6: バースト | C6: ファイター | D6: 召喚 | E6: 地
A7: ガミジン | B7: カウンター | C7: ファイター | D7: 引き直し対象 | E7: 地
A8: ガミジンB | B8: バースト | C8: ファイター | D8: イベント | E8: 地
A9: マルバス | B9: カウンター | C9: スナイパー | D9: 引き直し対象 | E9: 地
A10: マルバスR | B10: ラッシュ | C10: スナイパー | D10: 常設イベント | E10: 地
A11: ウァレフォル | B11: ラッシュ | C11: ファイター | D11: 引き直し対象 | E11: 地
A12: ウァレフォルC | B12: カウンター | C12: ファイター | D12: 召喚 | E12: 雷
... A273: アンダカ | B273: カウンター | C273: トルーパー | D273: 召喚 | E273: 風
